player_id,source_player_id,club_id,club_name,player_name,nationality,birth_date,age,position_group,primary_position,squad_number,height_cm,weight_kg,preferred_foot,market_value_eur,contract_until,joined_date,profile_source_url,value_source_url
20200301,20200301,1,FC Seoul,Sungyun GU,South Korea,1994-06-27,31,GK,Goalkeeper,25,197,95,right,500000,,2026-01-16,https://www.kleague.com/record/playerDetail.do?playerId=20200301,https://www.transfermarkt.com/fc-seoul/kader/verein/6500/saison_id/2025/plus/1
20260048,20260048,1,FC Seoul,Juan Antonio ROS MARTINEZ,Spain,1996-03-15,30,DF,Centre-Back,37,187,78,both,850000,,2026-01-23,https://www.kleague.com/record/playerDetail.do?playerId=20260048,https://www.transfermarkt.com/fc-seoul/kader/verein/6500/saison_id/2025/plus/1
20200041,20200041,1,FC Seoul,Jun CHOI,South Korea,1999-04-17,27,DF,Right-Back,16,177,72,right,650000,,2024-01-05,https://www.kleague.com/record/playerDetail.do?playerId=20200041,https://www.transfermarkt.com/fc-seoul/kader/verein/6500/saison_id/2025/plus/1
20170185,20170185,1,FC Seoul,Jinsu KIM,South Korea,1992-06-13,33,DF,Left-Back,22,177,68,left,350000,,2025-01-17,https://www.kleague.com/record/playerDetail.do?playerId=20170185,https://www.transfermarkt.com/fc-seoul/kader/verein/6500/saison_id/2025/plus/1
20240324,20240324,1,FC Seoul,YAZAN MOUSA MAHMOUD ALARAB,Jordan,1996-01-31,30,DF,Centre-Back,5,187,86,left,900000,,2024-07-16,https://www.kleague.com/record/playerDetail.do?playerId=20240324,https://www.transfermarkt.com/fc-seoul/kader/verein/6500/saison_id/2025/plus/1
20170052,20170052,1,FC Seoul,Seungmo LEE,South Korea,1998-03-30,28,MF,Central Midfield,8,185,70,right,450000,2026-12-31,2023-06-23,https://www.kleague.com/record/playerDetail.do?playerId=20170052,https://www.transfermarkt.com/fc-seoul/kader/verein/6500/saison_id/2025/plus/1
20260045,20260045,1,FC Seoul,Hrvoje BABEC,Croatia,1999-07-28,26,MF,Defensive Midfield,6,187,84,right,800000,2028-12-31,2026-01-16,https://www.kleague.com/record/playerDetail.do?playerId=20260045,https://www.transfermarkt.com/fc-seoul/kader/verein/6500/saison_id/2025/plus/1
20260049,20260049,1,FC Seoul,JEONGBEOM SON,South Korea,2007-09-28,18,MF,Central Midfield,42,184,73,Unknown,100000,,2026-01-16,https://www.kleague.com/record/playerDetail.do?playerId=20260049,https://www.transfermarkt.com/fc-seoul/kader/verein/6500/saison_id/2025/plus/1
20180034,20180034,1,FC Seoul,Minkyu SONG,South Korea,1999-09-12,26,FW,Left Winger,34,179,72,right,900000,,2026-01-21,https://www.kleague.com/record/playerDetail.do?playerId=20180034,https://www.transfermarkt.com/fc-seoul/kader/verein/6500/saison_id/2025/plus/1
20160099,20160099,1,FC Seoul,Seungwon JEONG,South Korea,1997-02-27,29,MF,Right Winger,7,173,68,right,550000,,2025-01-17,https://www.kleague.com/record/playerDetail.do?playerId=20160099,https://www.transfermarkt.com/fc-seoul/kader/verein/6500/saison_id/2025/plus/1
20250331,20250331,1,FC Seoul,Patryk KLIMALA,Poland,1998-08-05,27,FW,Centre-Forward,9,180,79,right,500000,,2025-06-02,https://www.kleague.com/record/playerDetail.do?playerId=20250331,https://www.transfermarkt.com/fc-seoul/kader/verein/6500/saison_id/2025/plus/1
20130156,20130156,2,Ulsan HD FC,Hyeonwoo JO,South Korea,1991-09-25,34,GK,Goalkeeper,21,189,75,right,700000,,2020-01-20,https://www.kleague.com/record/playerDetail.do?playerId=20130156,https://www.transfermarkt.com/ulsan-hyundai/kader/verein/3535/saison_id/2025/plus/1
20200055,20200055,2,Ulsan HD FC,Hyuntaek CHO,South Korea,2001-08-02,24,DF,Left-Back,26,182,76,left,500000,,2020-01-10,https://www.kleague.com/record/playerDetail.do?playerId=20200055,https://www.transfermarkt.com/ulsan-hyundai/kader/verein/3535/saison_id/2025/plus/1
20180105,20180105,2,Ulsan HD FC,Jaeik LEE,South Korea,1999-05-21,27,DF,Centre-Back,28,185,76,left,250000,,2025-01-17,https://www.kleague.com/record/playerDetail.do?playerId=20180105,https://www.transfermarkt.com/ulsan-hyundai/kader/verein/3535/saison_id/2025/plus/1
20150109,20150109,2,Ulsan HD FC,Seunghyun JUNG,South Korea,1994-04-03,32,DF,Centre-Back,15,188,74,right,1200000,,2025-07-09,https://www.kleague.com/record/playerDetail.do?playerId=20150109,https://www.transfermarkt.com/ulsan-hyundai/kader/verein/3535/saison_id/2025/plus/1
20240107,20240107,2,Ulsan HD FC,Seokhyun CHOI,South Korea,2003-01-13,23,DF,Centre-Back,96,178,77,right,250000,,2024-01-03,https://www.kleague.com/record/playerDetail.do?playerId=20240107,https://www.transfermarkt.com/ulsan-hyundai/kader/verein/3535/saison_id/2025/plus/1
20150050,20150050,2,Ulsan HD FC,Gyusung LEE,South Korea,1994-05-10,32,MF,Central Midfield,24,174,68,right,500000,2027-12-31,2021-01-18,https://www.kleague.com/record/playerDetail.do?playerId=20150050,https://www.transfermarkt.com/ulsan-hyundai/kader/verein/3535/saison_id/2025/plus/1
20230108,20230108,2,Ulsan HD FC,Darijan BOJANIC,Sweden,1994-12-28,31,MF,Central Midfield,6,183,74,right,800000,2027-12-31,2023-01-01,https://www.kleague.com/record/playerDetail.do?playerId=20230108,https://www.transfermarkt.com/ulsan-hyundai/kader/verein/3535/saison_id/2025/plus/1
20180088,20180088,2,Ulsan HD FC,Donggyeong LEE,South Korea,1997-09-20,28,MF,Attacking Midfield,10,175,68,left,1600000,,2018-01-01,https://www.kleague.com/record/playerDetail.do?playerId=20180088,https://www.transfermarkt.com/ulsan-hyundai/kader/verein/3535/saison_id/2025/plus/1
20190171,20190171,2,Ulsan HD FC,Huigyun LEE,South Korea,1998-04-29,28,MF,Second Striker,8,168,63,right,300000,,2025-01-17,https://www.kleague.com/record/playerDetail.do?playerId=20190171,https://www.transfermarkt.com/ulsan-hyundai/kader/verein/3535/saison_id/2025/plus/1
20230315,20230315,2,Ulsan HD FC,Yago CARIELLO RIBEIRO,Brazil,1999-07-27,26,FW,Centre-Forward,99,186,82,left,1000000,,2024-07-09,https://www.kleague.com/record/playerDetail.do?playerId=20230315,https://www.transfermarkt.com/ulsan-hyundai/kader/verein/3535/saison_id/2025/plus/1
20260244,20260244,2,Ulsan HD FC,Benjamin Stanley MICHEL,United States,1997-10-23,28,FW,Left Winger,91,178,77,right,400000,,2026-02-14,https://www.kleague.com/record/playerDetail.do?playerId=20260244,https://www.transfermarkt.com/ulsan-hyundai/kader/verein/3535/saison_id/2025/plus/1
20180025,20180025,3,Jeonbuk Hyundai Motors,Bumkeun SONG,South Korea,1997-10-15,28,GK,Goalkeeper,31,194,88,right,1000000,,2025-01-17,https://www.kleague.com/record/playerDetail.do?playerId=20180025,https://www.transfermarkt.com/jeonbuk-hyundai-motors/kader/verein/6502/saison_id/2025/plus/1
20140143,20140143,3,Jeonbuk Hyundai Motors,YOUNGBIN KIM,South Korea,1991-09-20,34,DF,Centre-Back,2,184,79,right,400000,,2025-01-17,https://www.kleague.com/record/playerDetail.do?playerId=20140143,https://www.transfermarkt.com/jeonbuk-hyundai-motors/kader/verein/6502/saison_id/2025/plus/1
20220174,20220174,3,Jeonbuk Hyundai Motors,Wijae CHO,South Korea,2001-08-25,24,DF,Centre-Back,4,189,82,right,400000,,2026-01-16,https://www.kleague.com/record/playerDetail.do?playerId=20220174,https://www.transfermarkt.com/jeonbuk-hyundai-motors/kader/verein/6502/saison_id/2025/plus/1
20230029,20230029,3,Jeonbuk Hyundai Motors,Woojin CHOI,South Korea,2004-07-18,21,DF,Left-Back,66,175,66,Unknown,325000,,2025-02-01,https://www.kleague.com/record/playerDetail.do?playerId=20230029,https://www.transfermarkt.com/jeonbuk-hyundai-motors/kader/verein/6502/saison_id/2025/plus/1
20100052,20100052,3,Jeonbuk Hyundai Motors,Taehwan KIM,South Korea,1989-07-24,36,DF,Right-Back,23,177,72,right,400000,2026-12-31,2024-01-14,https://www.kleague.com/record/playerDetail.do?playerId=20100052,https://www.transfermarkt.com/jeonbuk-hyundai-motors/kader/verein/6502/saison_id/2025/plus/1
20150052,20150052,3,Jeonbuk Hyundai Motors,Jingyu KIM,South Korea,1997-02-24,29,MF,Central Midfield,97,177,68,right,1200000,2026-12-31,2022-03-16,https://www.kleague.com/record/playerDetail.do?playerId=20150052,https://www.transfermarkt.com/jeonbuk-hyundai-motors/kader/verein/6502/saison_id/2025/plus/1
20230043,20230043,3,Jeonbuk Hyundai Motors,Oberdan ALIONCO DE LIMA,Brazil,1995-07-30,30,MF,Defensive Midfield,8,175,69,right,1200000,,2026-01-16,https://www.kleague.com/record/playerDetail.do?playerId=20230043,https://www.transfermarkt.com/jeonbuk-hyundai-motors/kader/verein/6502/saison_id/2025/plus/1
20220276,20220276,3,Jeonbuk Hyundai Motors,Sangyoon KANG,South Korea,2004-05-31,21,MF,Central Midfield,13,171,64,right,550000,,2022-03-15,https://www.kleague.com/record/playerDetail.do?playerId=20220276,https://www.transfermarkt.com/jeonbuk-hyundai-motors/kader/verein/6502/saison_id/2025/plus/1
20180212,20180212,3,Jeonbuk Hyundai Motors,Seungsub KIM,South Korea,1996-11-01,29,FW,Left Winger,11,177,65,Unknown,550000,,2026-01-16,https://www.kleague.com/record/playerDetail.do?playerId=20180212,https://www.transfermarkt.com/jeonbuk-hyundai-motors/kader/verein/6502/saison_id/2025/plus/1
20230224,20230224,3,Jeonbuk Hyundai Motors,Bruno RODRIGUES MOTA,Brazil,1996-02-10,30,FW,Centre-Forward,99,193,87,left,600000,2026-12-31,2026-01-16,https://www.kleague.com/record/playerDetail.do?playerId=20230224,https://www.transfermarkt.com/jeonbuk-hyundai-motors/kader/verein/6502/saison_id/2025/plus/1
20170121,20170121,3,Jeonbuk Hyundai Motors,Dongjun LEE,South Korea,1997-02-01,29,FW,Right Winger,7,173,65,right,550000,,2023-01-01,https://www.kleague.com/record/playerDetail.do?playerId=20170121,https://www.transfermarkt.com/jeonbuk-hyundai-motors/kader/verein/6502/saison_id/2025/plus/1
20130134,20130134,4,Gangwon FC,Cheonghyo PARK,South Korea,1990-02-13,36,GK,Goalkeeper,1,190,78,right,150000,,2024-01-23,https://www.kleague.com/record/playerDetail.do?playerId=20130134,https://www.transfermarkt.com/gangwon-fc/kader/verein/21459/saison_id/2025/plus/1
20230270,20230270,4,Gangwon FC,Junhyuk KANG,South Korea,1999-10-20,26,DF,Right-Back,99,177,70,right,350000,,2025-01-17,https://www.kleague.com/record/playerDetail.do?playerId=20230270,https://www.transfermarkt.com/gangwon-fc/kader/verein/21459/saison_id/2025/plus/1
20210104,20210104,4,Gangwon FC,Gihyuk LEE,South Korea,2000-07-07,25,DF,Centre-Back,13,184,72,left,600000,2027-12-31,2024-01-20,https://www.kleague.com/record/playerDetail.do?playerId=20210104,https://www.transfermarkt.com/gangwon-fc/kader/verein/21459/saison_id/2025/plus/1
20240097,20240097,4,Gangwon FC,Minah SHIN,South Korea,2005-09-15,20,DF,Centre-Back,47,186,77,right,600000,,2024-01-09,https://www.kleague.com/record/playerDetail.do?playerId=20240097,https://www.transfermarkt.com/gangwon-fc/kader/verein/21459/saison_id/2025/plus/1
20170182,20170182,4,Gangwon FC,Youhyeon LEE,South Korea,1997-02-08,29,MF,Right-Back,97,179,74,right,375000,,2025-01-17,https://www.kleague.com/record/playerDetail.do?playerId=20170182,https://www.transfermarkt.com/gangwon-fc/kader/verein/21459/saison_id/2025/plus/1
20200077,20200077,4,Gangwon FC,MINWOO SEO,South Korea,1998-03-12,28,MF,Defensive Midfield,4,183,75,right,650000,,2020-01-06,https://www.kleague.com/record/playerDetail.do?playerId=20200077,https://www.transfermarkt.com/gangwon-fc/kader/verein/21459/saison_id/2025/plus/1
20200066,20200066,4,Gangwon FC,YOUNGJUN GOH,South Korea,2001-07-09,24,MF,Attacking Midfield,11,169,68,right,450000,2026-12-31,2026-01-16,https://www.kleague.com/record/playerDetail.do?playerId=20200066,https://www.transfermarkt.com/gangwon-fc/kader/verein/21459/saison_id/2025/plus/1
20230067,20230067,4,Gangwon FC,Seungwon LEE,South Korea,2003-03-06,23,MF,Attacking Midfield,8,174,73,right,450000,,2023-01-01,https://www.kleague.com/record/playerDetail.do?playerId=20230067,https://www.transfermarkt.com/gangwon-fc/kader/verein/21459/saison_id/2025/plus/1
20160098,20160098,4,Gangwon FC,DAEWON KIM,South Korea,1997-02-10,29,FW,Left Winger,7,171,65,right,700000,,2021-02-08,https://www.kleague.com/record/playerDetail.do?playerId=20160098,https://www.transfermarkt.com/gangwon-fc/kader/verein/21459/saison_id/2025/plus/1
20170164,20170164,4,Gangwon FC,Jaehyeon MO,South Korea,1996-09-24,29,FW,Right Winger,10,184,74,right,750000,2027-12-31,2025-06-17,https://www.kleague.com/record/playerDetail.do?playerId=20170164,https://www.transfermarkt.com/gangwon-fc/kader/verein/21459/saison_id/2025/plus/1
20260043,20260043,4,Gangwon FC,ABDALLAH HLEIHIL,Israel,2001-01-11,25,FW,Centre-Forward,77,185,77,Unknown,125000,,2026-01-24,https://www.kleague.com/record/playerDetail.do?playerId=20260043,https://www.transfermarkt.com/gangwon-fc/kader/verein/21459/saison_id/2025/plus/1
20160079,20160079,5,Pohang Steelers,INJAE HWANG,South Korea,1994-04-22,32,GK,Goalkeeper,21,187,73,Unknown,500000,,2020-01-03,https://www.kleague.com/record/playerDetail.do?playerId=20160079,https://www.transfermarkt.com/pohang-steelers/kader/verein/311/saison_id/2025/plus/1
20210182,20210182,5,Pohang Steelers,Jeongwon EO,South Korea,1999-07-08,26,DF,Left-Back,2,175,68,Unknown,375000,,2024-01-02,https://www.kleague.com/record/playerDetail.do?playerId=20210182,https://www.transfermarkt.com/pohang-steelers/kader/verein/311/saison_id/2025/plus/1
20200146,20200146,5,Pohang Steelers,ChanYong Park,South Korea,1996-01-27,30,DF,Centre-Back,20,188,80,right,750000,,2022-01-02,https://www.kleague.com/record/playerDetail.do?playerId=20200146,https://www.transfermarkt.com/pohang-steelers/kader/verein/311/saison_id/2025/plus/1
20150067,20150067,5,Pohang Steelers,MINGWANG JEON,South Korea,1993-01-17,33,DF,Centre-Back,4,187,73,right,350000,,2019-01-04,https://www.kleague.com/record/playerDetail.do?playerId=20150067,https://www.transfermarkt.com/pohang-steelers/kader/verein/311/saison_id/2025/plus/1
20060066,20060066,5,Pohang Steelers,Kwanghoon SHIN,South Korea,1987-03-18,39,DF,Right-Back,17,178,73,right,100000,,2021-01-04,https://www.kleague.com/record/playerDetail.do?playerId=20060066,https://www.transfermarkt.com/pohang-steelers/kader/verein/311/saison_id/2025/plus/1
20240062,20240062,5,Pohang Steelers,Seowong HWANG,South Korea,2005-01-22,21,MF,Central Midfield,70,175,67,Unknown,125000,,2024-01-01,https://www.kleague.com/record/playerDetail.do?playerId=20240062,https://www.transfermarkt.com/pohang-steelers/kader/verein/311/saison_id/2025/plus/1
20240063,20240063,5,Pohang Steelers,Dongjin KIM,South Korea,2003-07-30,22,MF,Central Midfield,16,180,71,right,350000,,2024-01-01,https://www.kleague.com/record/playerDetail.do?playerId=20240063,https://www.transfermarkt.com/pohang-steelers/kader/verein/311/saison_id/2025/plus/1
20260024,20260024,5,Pohang Steelers,Kento NISHIYA,Japan,1999-11-07,26,MF,Defensive Midfield,31,175,68,left,600000,2026-12-31,2026-01-16,https://www.kleague.com/record/playerDetail.do?playerId=20260024,https://www.transfermarkt.com/pohang-steelers/kader/verein/311/saison_id/2025/plus/1
20210161,20210161,5,Pohang Steelers,Hojae LEE,South Korea,2000-10-14,25,FW,Centre-Forward,19,191,85,right,800000,2027-12-31,2021-01-01,https://www.kleague.com/record/playerDetail.do?playerId=20210161,https://www.transfermarkt.com/pohang-steelers/kader/verein/311/saison_id/2025/plus/1
20230148,20230148,5,Pohang Steelers,Paulo Afonso ROCHA JUNIOR,Brazil,1997-11-05,28,FW,Right Winger,11,172,64,left,350000,,2025-01-17,https://www.kleague.com/record/playerDetail.do?playerId=20230148,https://www.transfermarkt.com/pohang-steelers/kader/verein/311/saison_id/2025/plus/1
20260021,20260021,5,Pohang Steelers,Jakob TRANZISKA,Germany,2001-06-25,24,FW,Centre-Forward,10,189,82,right,175000,,2026-01-16,https://www.kleague.com/record/playerDetail.do?playerId=20260021,https://www.transfermarkt.com/pohang-steelers/kader/verein/311/saison_id/2025/plus/1
20190064,20190064,6,Incheon United,DONGHEON KIM,South Korea,1997-03-03,29,GK,Goalkeeper,1,186,85,Unknown,550000,,2019-01-04,https://www.kleague.com/record/playerDetail.do?playerId=20190064,https://www.transfermarkt.com/incheon-united/kader/verein/2996/saison_id/2025/plus/1
20140059,20140059,6,Incheon United,JUYONG LEE,South Korea,1992-09-26,33,DF,Left-Back,32,180,78,left,225000,,2025-01-17,https://www.kleague.com/record/playerDetail.do?playerId=20140059,https://www.transfermarkt.com/incheon-united/kader/verein/2996/saison_id/2025/plus/1
20260160,20260160,6,Incheon United,Juan FERNANDEZ BLANCO,Spain,1995-08-17,30,DF,Centre-Back,2,187,80,left,350000,2026-12-31,2026-01-30,https://www.kleague.com/record/playerDetail.do?playerId=20260160,https://www.transfermarkt.com/incheon-united/kader/verein/2996/saison_id/2025/plus/1
20210305,20210305,6,Incheon United,Myungsoon KIM,South Korea,2000-07-17,25,DF,Right-Back,39,177,76,right,350000,2027-12-31,2025-01-17,https://www.kleague.com/record/playerDetail.do?playerId=20210305,https://www.transfermarkt.com/incheon-united/kader/verein/2996/saison_id/2025/plus/1
20250189,20250189,6,Incheon United,Gyeongseop PARK,South Korea,2004-07-02,21,DF,Centre-Back,20,188,83,Unknown,300000,,2025-01-17,https://www.kleague.com/record/playerDetail.do?playerId=20250189,https://www.transfermarkt.com/incheon-united/kader/verein/2996/saison_id/2025/plus/1
20220279,20220279,6,Incheon United,Jaemin SEO,South Korea,2003-09-16,22,MF,Central Midfield,15,178,73,left,300000,,2026-01-16,https://www.kleague.com/record/playerDetail.do?playerId=20220279,https://www.transfermarkt.com/incheon-united/kader/verein/2996/saison_id/2025/plus/1
20120127,20120127,6,Incheon United,MYUNGJOO LEE,South Korea,1990-04-24,36,MF,Central Midfield,5,176,74,right,300000,,2022-01-30,https://www.kleague.com/record/playerDetail.do?playerId=20120127,https://www.transfermarkt.com/incheon-united/kader/verein/2996/saison_id/2025/plus/1
20180127,20180127,6,Incheon United,Huseong OH,South Korea,1999-08-25,26,DF,Attacking Midfield,7,173,64,Unknown,225000,,2026-01-16,https://www.kleague.com/record/playerDetail.do?playerId=20180127,https://www.transfermarkt.com/incheon-united/kader/verein/2996/saison_id/2025/plus/1
20040081,20040081,6,Incheon United,Chungyong LEE,South Korea,1988-07-02,37,MF,Right Winger,72,180,69,right,250000,,2026-02-11,https://www.kleague.com/record/playerDetail.do?playerId=20040081,https://www.transfermarkt.com/incheon-united/kader/verein/2996/saison_id/2025/plus/1
20210223,20210223,6,Incheon United,FERNANDES Gerso,Portugal,1991-02-23,35,MF,Left Winger,11,172,62,left,550000,,2023-01-10,https://www.kleague.com/record/playerDetail.do?playerId=20210223,https://www.transfermarkt.com/incheon-united/kader/verein/2996/saison_id/2025/plus/1
20190131,20190131,6,Incheon United,Dongryul LEE,South Korea,2000-06-09,25,FW,Left Winger,10,174,70,left,225000,,2025-01-17,https://www.kleague.com/record/playerDetail.do?playerId=20190131,https://www.transfermarkt.com/incheon-united/kader/verein/2996/saison_id/2025/plus/1
20190375,20190375,7,FC Anyang,JEONGHOON KIM,South Korea,2001-04-20,25,GK,Goalkeeper,23,188,80,Unknown,400000,2028-12-31,2026-01-16,https://www.kleague.com/record/playerDetail.do?playerId=20190375,https://www.transfermarkt.com/fc-anyang/kader/verein/38898/saison_id/2025/plus/1
20150080,20150080,7,FC Anyang,Taehee LEE,South Korea,1992-06-16,33,DF,Right-Back,32,181,66,right,200000,,2023-02-07,https://www.kleague.com/record/playerDetail.do?playerId=20150080,https://www.transfermarkt.com/fc-anyang/kader/verein/38898/saison_id/2025/plus/1
20140135,20140135,7,FC Anyang,Dongjin KIM,South Korea,1992-12-28,33,DF,Left-Back,22,177,74,left,250000,,2022-01-01,https://www.kleague.com/record/playerDetail.do?playerId=20140135,https://www.transfermarkt.com/fc-anyang/kader/verein/38898/saison_id/2025/plus/1
20130101,20130101,7,FC Anyang,Youngchan KIM,South Korea,1993-09-04,32,DF,Centre-Back,5,189,84,right,200000,,2024-01-09,https://www.kleague.com/record/playerDetail.do?playerId=20130101,https://www.transfermarkt.com/fc-anyang/kader/verein/38898/saison_id/2025/plus/1
20130102,20130102,7,FC Anyang,Kyungwon KWON,South Korea,1992-01-31,34,DF,Centre-Back,21,188,83,left,400000,,2025-07-04,https://www.kleague.com/record/playerDetail.do?playerId=20130102,https://www.transfermarkt.com/fc-anyang/kader/verein/38898/saison_id/2025/plus/1
20160073,20160073,7,FC Anyang,Kim Jeonghyun,South Korea,1993-06-01,32,MF,Defensive Midfield,8,185,74,right,275000,2026-12-31,2023-01-04,https://www.kleague.com/record/playerDetail.do?playerId=20160073,https://www.transfermarkt.com/fc-anyang/kader/verein/38898/saison_id/2025/plus/1
20240078,20240078,7,FC Anyang,Matheus OLIVEIRA SANTOS,Brazil,1997-09-28,28,MF,Attacking Midfield,7,177,70,left,800000,,2024-01-10,https://www.kleague.com/record/playerDetail.do?playerId=20240078,https://www.transfermarkt.com/fc-anyang/kader/verein/38898/saison_id/2025/plus/1
20240080,20240080,7,FC Anyang,KA RAM HAN,South Korea,1998-02-09,28,MF,Defensive Midfield,13,177,70,right,150000,2026-12-31,2024-01-11,https://www.kleague.com/record/playerDetail.do?playerId=20240080,https://www.transfermarkt.com/fc-anyang/kader/verein/38898/saison_id/2025/plus/1
20200170,20200170,7,FC Anyang,GEONJU CHOI,South Korea,1999-06-26,26,FW,Left Winger,27,175,64,right,350000,,2026-01-22,https://www.kleague.com/record/playerDetail.do?playerId=20200170,https://www.transfermarkt.com/fc-anyang/kader/verein/38898/saison_id/2025/plus/1
20260091,20260091,7,FC Anyang,AIRTON MOISES SANTOS SOUSA,Brazil,1999-02-02,27,FW,Left Winger,11,179,75,right,300000,,2026-02-20,https://www.kleague.com/record/playerDetail.do?playerId=20260091,https://www.transfermarkt.com/fc-anyang/kader/verein/38898/saison_id/2025/plus/1
20240084,20240084,7,FC Anyang,Woon KIM,South Korea,1994-11-15,31,FW,Centre-Forward,19,181,76,right,150000,,2024-01-11,https://www.kleague.com/record/playerDetail.do?playerId=20240084,https://www.transfermarkt.com/fc-anyang/kader/verein/38898/saison_id/2025/plus/1
20160156,20160156,8,Jeju SK,Dongjun KIM,South Korea,1994-12-19,31,GK,Goalkeeper,1,189,85,Unknown,550000,,2022-01-11,https://www.kleague.com/record/playerDetail.do?playerId=20160156,https://www.transfermarkt.com/jeju-united/kader/verein/19684/saison_id/2025/plus/1
20210165,20210165,8,Jeju SK,Ryunseong KIM,South Korea,2002-06-04,23,DF,Left-Back,40,179,70,left,325000,2027-12-31,2025-01-17,https://www.kleague.com/record/playerDetail.do?playerId=20210165,https://www.transfermarkt.com/jeju-united/kader/verein/19684/saison_id/2025/plus/1
20260221,20260221,8,Jeju SK,SEUNGRO LEE,France,1997-07-24,28,DF,Centre-Back,3,192,80,left,300000,,2026-01-23,https://www.kleague.com/record/playerDetail.do?playerId=20260221,https://www.transfermarkt.com/jeju-united/kader/verein/19684/saison_id/2025/plus/1
20250093,20250093,8,Jeju SK,MINGYU CHAN,South Korea,1999-03-06,27,DF,Centre-Back,20,186,78,right,500000,2026-12-31,2025-01-17,https://www.kleague.com/record/playerDetail.do?playerId=20250093,https://www.transfermarkt.com/jeju-united/kader/verein/19684/saison_id/2025/plus/1
20200103,20200103,8,Jeju SK,Insoo YU,South Korea,1994-12-28,31,DF,Left-Back,17,178,70,right,325000,,2025-01-20,https://www.kleague.com/record/playerDetail.do?playerId=20200103,https://www.transfermarkt.com/jeju-united/kader/verein/19684/saison_id/2025/plus/1
20240323,20240323,8,Jeju SK,taehee Nam,South Korea,1991-07-03,34,MF,Attacking Midfield,10,175,73,right,450000,,2024-07-25,https://www.kleague.com/record/playerDetail.do?playerId=20240323,https://www.transfermarkt.com/jeju-united/kader/verein/19684/saison_id/2025/plus/1
20210108,20210108,8,Jeju SK,Jaehyeok OH,South Korea,2002-06-21,23,MF,Central Midfield,14,174,69,Unknown,275000,,2025-01-17,https://www.kleague.com/record/playerDetail.do?playerId=20210108,https://www.transfermarkt.com/jeju-united/kader/verein/19684/saison_id/2025/plus/1
20160047,20160047,8,Jeju SK,Geonung KIM,South Korea,1997-08-29,28,MF,Central Midfield,28,185,83,Unknown,450000,,2023-07-18,https://www.kleague.com/record/playerDetail.do?playerId=20160047,https://www.transfermarkt.com/jeju-united/kader/verein/19684/saison_id/2025/plus/1
20250095,20250095,8,Jeju SK,Junha KIM,South Korea,2005-12-02,20,MF,Right Winger,27,177,66,right,350000,,2025-01-17,https://www.kleague.com/record/playerDetail.do?playerId=20250095,https://www.transfermarkt.com/jeju-united/kader/verein/19684/saison_id/2025/plus/1
20260228,20260228,8,Jeju SK,EMERSON RAMON BEZERRA OLIVEIRA,Brazil,2000-11-24,25,FW,Right Winger,94,173,85,right,1000000,,2026-01-16,https://www.kleague.com/record/playerDetail.do?playerId=20260228,https://www.transfermarkt.com/jeju-united/kader/verein/19684/saison_id/2025/plus/1
20130108,20130108,8,Jeju SK,CHANGHOON KWON,South Korea,1994-06-30,31,MF,Right Winger,22,174,69,left,325000,,2026-01-16,https://www.kleague.com/record/playerDetail.do?playerId=20130108,https://www.transfermarkt.com/jeju-united/kader/verein/19684/saison_id/2025/plus/1
20160010,20160010,9,Bucheon FC 1995,Hyunggeun KIM,South Korea,1994-01-06,32,GK,Goalkeeper,1,188,78,Unknown,250000,,2024-01-08,https://www.kleague.com/record/playerDetail.do?playerId=20160010,https://www.transfermarkt.com/bucheon-fc-1995/kader/verein/35759/saison_id/2025/plus/1
20160130,20160130,9,Bucheon FC 1995,Taehyun AN,South Korea,1993-03-01,33,DF,Right-Back,26,174,70,right,225000,,2026-01-16,https://www.kleague.com/record/playerDetail.do?playerId=20160130,https://www.transfermarkt.com/bucheon-fc-1995/kader/verein/35759/saison_id/2025/plus/1
20210174,20210174,9,Bucheon FC 1995,Sungwook HONG,South Korea,2002-09-17,23,DF,Centre-Back,20,187,77,right,225000,,2023-01-11,https://www.kleague.com/record/playerDetail.do?playerId=20210174,https://www.transfermarkt.com/bucheon-fc-1995/kader/verein/35759/saison_id/2025/plus/1
20190161,20190161,9,Bucheon FC 1995,Jaewon SHIN,South Korea,1998-09-16,27,DF,Right-Back,77,183,75,right,275000,,2026-01-16,https://www.kleague.com/record/playerDetail.do?playerId=20190161,https://www.transfermarkt.com/bucheon-fc-1995/kader/verein/35759/saison_id/2025/plus/1
20140203,20140203,9,Bucheon FC 1995,Donggyu BAEK,South Korea,1991-05-30,34,DF,Centre-Back,29,184,71,Unknown,200000,,2025-06-17,https://www.kleague.com/record/playerDetail.do?playerId=20140203,https://www.transfermarkt.com/bucheon-fc-1995/kader/verein/35759/saison_id/2025/plus/1
20190194,20190194,9,Bucheon FC 1995,Sangjun KIM,South Korea,2001-10-01,24,MF,Defensive Midfield,16,185,75,right,150000,,2026-01-16,https://www.kleague.com/record/playerDetail.do?playerId=20190194,https://www.transfermarkt.com/bucheon-fc-1995/kader/verein/35759/saison_id/2025/plus/1
20230141,20230141,9,Bucheon FC 1995,Kazuki TAKAHASHI,Japan,1996-10-06,29,MF,Central Midfield,23,178,73,both,350000,2026-12-31,2023-01-01,https://www.kleague.com/record/playerDetail.do?playerId=20230141,https://www.transfermarkt.com/bucheon-fc-1995/kader/verein/35759/saison_id/2025/plus/1
20100079,20100079,9,Bucheon FC 1995,Bitgaram YOON,South Korea,1990-05-07,36,MF,Central Midfield,8,178,75,right,400000,2027-12-31,2026-01-16,https://www.kleague.com/record/playerDetail.do?playerId=20100079,https://www.transfermarkt.com/bucheon-fc-1995/kader/verein/35759/saison_id/2025/plus/1
20220353,20220353,9,Bucheon FC 1995,ISIDIO JEFFERSON FERNANDO,Brazil,1997-04-04,29,FW,Left Winger,11,177,71,left,325000,,2025-01-25,https://www.kleague.com/record/playerDetail.do?playerId=20220353,https://www.transfermarkt.com/bucheon-fc-1995/kader/verein/35759/saison_id/2025/plus/1
20230333,20230333,9,Bucheon FC 1995,VITOR GABRIEL CLAUDINO REGO FERREIRA,Brazil,2000-01-20,26,FW,Centre-Forward,63,187,76,right,500000,,2026-01-16,https://www.kleague.com/record/playerDetail.do?playerId=20230333,https://www.transfermarkt.com/bucheon-fc-1995/kader/verein/35759/saison_id/2025/plus/1
20200048,20200048,9,Bucheon FC 1995,Minjun KIM,South Korea,2000-02-12,26,FW,Right Winger,13,183,74,Unknown,300000,,2026-01-16,https://www.kleague.com/record/playerDetail.do?playerId=20200048,https://www.transfermarkt.com/bucheon-fc-1995/kader/verein/35759/saison_id/2025/plus/1
20120148,20120148,10,Daejeon Hana Citizen,changgeun LEE,South Korea,1993-08-30,32,GK,Goalkeeper,1,186,75,Unknown,600000,,2022-01-11,https://www.kleague.com/record/playerDetail.do?playerId=20120148,https://www.transfermarkt.com/daejeon-hana-citizen/kader/verein/6499/saison_id/2025/plus/1
20170122,20170122,10,Daejeon Hana Citizen,Moonhwan KIM,South Korea,1995-08-01,30,DF,Right-Back,33,173,64,right,800000,2027-12-31,2024-06-20,https://www.kleague.com/record/playerDetail.do?playerId=20170122,https://www.transfermarkt.com/daejeon-hana-citizen/kader/verein/6499/saison_id/2025/plus/1
20160037,20160037,10,Daejeon Hana Citizen,Yoonsung KANG,South Korea,1997-07-01,28,DF,Right-Back,6,172,65,right,400000,,2023-06-28,https://www.kleague.com/record/playerDetail.do?playerId=20160037,https://www.transfermarkt.com/daejeon-hana-citizen/kader/verein/6499/saison_id/2025/plus/1
20230239,20230239,10,Daejeon Hana Citizen,Seonggwon CHO,South Korea,2001-02-24,25,DF,Centre-Back,4,182,75,right,300000,2027-12-31,2026-01-16,https://www.kleague.com/record/playerDetail.do?playerId=20230239,https://www.transfermarkt.com/daejeon-hana-citizen/kader/verein/6499/saison_id/2025/plus/1
20230048,20230048,10,Daejeon Hana Citizen,Anton KRIVOTSYUK,Ukraine,1998-08-20,27,DF,Centre-Back,98,186,76,left,700000,2027-12-31,2023-02-21,https://www.kleague.com/record/playerDetail.do?playerId=20230048,https://www.transfermarkt.com/daejeon-hana-citizen/kader/verein/6499/saison_id/2025/plus/1
20210176,20210176,10,Daejeon Hana Citizen,Bongsoo KIM,South Korea,1999-12-26,26,MF,Central Midfield,30,181,74,right,1000000,,2025-06-11,https://www.kleague.com/record/playerDetail.do?playerId=20210176,https://www.transfermarkt.com/daejeon-hana-citizen/kader/verein/6499/saison_id/2025/plus/1
20230326,20230326,10,Daejeon Hana Citizen,BOBSIN PEREIRA VICTOR,Brazil,2000-01-12,26,MF,Defensive Midfield,8,183,78,left,600000,,2025-01-17,https://www.kleague.com/record/playerDetail.do?playerId=20230326,https://www.transfermarkt.com/daejeon-hana-citizen/kader/verein/6499/saison_id/2025/plus/1
20180110,20180110,10,Daejeon Hana Citizen,Hyunsik LEE,South Korea,1996-03-21,30,MF,Central Midfield,20,175,64,right,450000,,2021-01-12,https://www.kleague.com/record/playerDetail.do?playerId=20180110,https://www.transfermarkt.com/daejeon-hana-citizen/kader/verein/6499/saison_id/2025/plus/1
20230105,20230105,10,Daejeon Hana Citizen,Gustav Erik LUDWIGSON,Sweden,1993-10-20,32,MF,Left Winger,17,182,75,Unknown,850000,,2026-01-16,https://www.kleague.com/record/playerDetail.do?playerId=20230105,https://www.transfermarkt.com/daejeon-hana-citizen/kader/verein/6499/saison_id/2025/plus/1
20130248,20130248,10,Daejeon Hana Citizen,Minkyu JOO,South Korea,1990-04-13,36,FW,Centre-Forward,10,183,79,right,700000,2026-12-31,2025-01-17,https://www.kleague.com/record/playerDetail.do?playerId=20130248,https://www.transfermarkt.com/daejeon-hana-citizen/kader/verein/6499/saison_id/2025/plus/1
20250360,20250360,10,Daejeon Hana Citizen,Joao Victor LIMA FERREIRA,Brazil,1999-02-25,27,FW,Right Winger,77,176,75,right,350000,,2026-01-16,https://www.kleague.com/record/playerDetail.do?playerId=20250360,https://www.transfermarkt.com/daejeon-hana-citizen/kader/verein/6499/saison_id/2025/plus/1
20190154,20190154,11,Gimcheon Sangmu,Jongbum BAEK,South Korea,2001-01-21,25,GK,Goalkeeper,1,190,82,right,350000,2026-10-06,2025-04-07,https://www.kleague.com/record/playerDetail.do?playerId=20190154,https://www.transfermarkt.com/gimcheon-sangmu/kader/verein/6505/saison_id/2025/plus/1
20220139,20220139,11,Gimcheon Sangmu,Cheolwoo PARK,South Korea,1997-10-21,28,DF,Left-Back,3,176,68,left,325000,2026-10-06,2025-04-07,https://www.kleague.com/record/playerDetail.do?playerId=20220139,https://www.transfermarkt.com/gimcheon-sangmu/kader/verein/6505/saison_id/2025/plus/1
20180324,20180324,11,Gimcheon Sangmu,Taehwan KIM,South Korea,2000-03-25,26,DF,Right-Back,11,179,73,right,350000,2026-10-06,2025-04-07,https://www.kleague.com/record/playerDetail.do?playerId=20180324,https://www.transfermarkt.com/gimcheon-sangmu/kader/verein/6505/saison_id/2025/plus/1
20230198,20230198,11,Gimcheon Sangmu,Jungtaek LEE,South Korea,1998-05-23,27,DF,Centre-Back,26,183,75,right,350000,2026-10-06,2025-04-07,https://www.kleague.com/record/playerDetail.do?playerId=20230198,https://www.transfermarkt.com/gimcheon-sangmu/kader/verein/6505/saison_id/2025/plus/1
20200317,20200317,11,Gimcheon Sangmu,Junsoo BYEON,South Korea,2001-11-30,24,DF,Centre-Back,45,190,88,right,500000,2027-07-18,2026-01-19,https://www.kleague.com/record/playerDetail.do?playerId=20200317,https://www.transfermarkt.com/gimcheon-sangmu/kader/verein/6505/saison_id/2025/plus/1
20180096,20180096,11,Gimcheon Sangmu,Taejun PARK,South Korea,1999-01-19,27,MF,Central Midfield,55,175,74,right,375000,2026-12-01,2025-06-02,https://www.kleague.com/record/playerDetail.do?playerId=20180096,https://www.transfermarkt.com/gimcheon-sangmu/kader/verein/6505/saison_id/2025/plus/1
20170022,20170022,11,Gimcheon Sangmu,Sangheon LEE,South Korea,1998-02-26,28,FW,Attacking Midfield,47,178,67,right,700000,2027-05-16,2025-11-17,https://www.kleague.com/record/playerDetail.do?playerId=20170022,https://www.transfermarkt.com/gimcheon-sangmu/kader/verein/6505/saison_id/2025/plus/1
20190124,20190124,11,Gimcheon Sangmu,Soobin LEE,South Korea,2000-05-07,26,MF,Defensive Midfield,6,180,70,right,300000,2026-10-06,2025-04-07,https://www.kleague.com/record/playerDetail.do?playerId=20190124,https://www.transfermarkt.com/gimcheon-sangmu/kader/verein/6505/saison_id/2025/plus/1
20200164,20200164,11,Gimcheon Sangmu,Kunhee LEE,South Korea,1998-02-17,28,FW,Centre-Forward,9,186,78,Unknown,175000,2026-10-06,2025-04-07,https://www.kleague.com/record/playerDetail.do?playerId=20200164,https://www.transfermarkt.com/gimcheon-sangmu/kader/verein/6505/saison_id/2025/plus/1
20180123,20180123,11,Gimcheon Sangmu,Jaehyeon GO,South Korea,1999-03-05,27,FW,Right Winger,7,180,67,right,600000,2026-10-06,2025-04-07,https://www.kleague.com/record/playerDetail.do?playerId=20180123,https://www.transfermarkt.com/gimcheon-sangmu/kader/verein/6505/saison_id/2025/plus/1
20200174,20200174,11,Gimcheon Sangmu,Ingyun KIM,South Korea,1998-07-23,27,FW,Left Winger,21,175,67,left,375000,2026-12-01,2025-06-02,https://www.kleague.com/record/playerDetail.do?playerId=20200174,https://www.transfermarkt.com/gimcheon-sangmu/kader/verein/6505/saison_id/2025/plus/1
20140102,20140102,12,Gwangju FC,Kyeongmin KIM,South Korea,1991-11-01,34,GK,Goalkeeper,1,190,78,Unknown,375000,,2022-01-09,https://www.kleague.com/record/playerDetail.do?playerId=20140102,https://www.transfermarkt.com/gwangju-fc/kader/verein/30925/saison_id/2025/plus/1
20190114,20190114,12,Gwangju FC,Seungun HA,South Korea,1998-05-04,28,FW,Right-Back,9,177,74,Unknown,125000,,2022-01-10,https://www.kleague.com/record/playerDetail.do?playerId=20190114,https://www.transfermarkt.com/gwangju-fc/kader/verein/30925/saison_id/2025/plus/1
20260209,20260209,12,Gwangju FC,Yonghyuk KIM,South Korea,2007-01-11,19,DF,Centre-Back,24,187,76,Unknown,150000,,2026-01-16,https://www.kleague.com/record/playerDetail.do?playerId=20260209,https://www.transfermarkt.com/gwangju-fc/kader/verein/30925/saison_id/2025/plus/1
20220053,20220053,12,Gwangju FC,Jinho KIM,South Korea,2000-01-21,26,DF,Right-Back,27,178,74,right,400000,2026-12-31,2024-01-23,https://www.kleague.com/record/playerDetail.do?playerId=20220053,https://www.transfermarkt.com/gwangju-fc/kader/verein/30925/saison_id/2025/plus/1
20120116,20120116,12,Gwangju FC,Youngkyu AHN,South Korea,1989-12-04,36,DF,Centre-Back,6,185,79,right,200000,,2022-01-06,https://www.kleague.com/record/playerDetail.do?playerId=20120116,https://www.transfermarkt.com/gwangju-fc/kader/verein/30925/saison_id/2025/plus/1
20240210,20240210,12,Gwangju FC,Minseo MOON,South Korea,2004-02-18,22,MF,Central Midfield,88,182,74,right,225000,2026-12-31,2024-01-08,https://www.kleague.com/record/playerDetail.do?playerId=20240210,https://www.transfermarkt.com/gwangju-fc/kader/verein/30925/saison_id/2025/plus/1
20230080,20230080,12,Gwangju FC,Jihun JUNG,South Korea,2004-04-09,22,FW,Attacking Midfield,16,175,60,right,225000,2027-12-31,2023-01-01,https://www.kleague.com/record/playerDetail.do?playerId=20230080,https://www.transfermarkt.com/gwangju-fc/kader/verein/30925/saison_id/2025/plus/1
20120151,20120151,12,Gwangju FC,Sejong JU,South Korea,1990-10-30,35,MF,Central Midfield,8,176,72,right,225000,,2025-02-28,https://www.kleague.com/record/playerDetail.do?playerId=20120151,https://www.transfermarkt.com/gwangju-fc/kader/verein/30925/saison_id/2025/plus/1
20200029,20200029,12,Gwangju FC,Seongyun GWON,South Korea,2001-03-30,25,FW,Left Winger,22,174,65,Unknown,125000,,2025-01-17,https://www.kleague.com/record/playerDetail.do?playerId=20200029,https://www.transfermarkt.com/gwangju-fc/kader/verein/30925/saison_id/2025/plus/1
20240209,20240209,12,Gwangju FC,Hyeokjoo AN,South Korea,2004-09-03,21,FW,Left Winger,19,176,70,Unknown,100000,,2024-01-01,https://www.kleague.com/record/playerDetail.do?playerId=20240209,https://www.transfermarkt.com/gwangju-fc/kader/verein/30925/saison_id/2025/plus/1
20250366,20250366,12,Gwangju FC,Holmbert Aron Briem FRIDJONSSON,Iceland,1993-04-19,33,FW,Centre-Forward,11,196,86,left,250000,,2025-08-06,https://www.kleague.com/record/playerDetail.do?playerId=20250366,https://www.transfermarkt.com/gwangju-fc/kader/verein/30925/saison_id/2025/plus/1
