transfermarkt_player_id,transfermarkt_name,league_id,club_name,age,nationality,primary_position,position_group,market_value_eur,profile_source_url,value_source_url,source_page_url,matched_player_id,matched_player_name,match_method
287255,Andrea Compagno,1,Jeonbuk Hyundai Motors,30,Italy,Centre-Forward,FW,2000000,https://www.transfermarkt.com/andrea-compagno/profil/spieler/287255,https://www.transfermarkt.com/andrea-compagno/marktwertverlauf/spieler/287255,https://www.transfermarkt.com/k-league-1/marktwerte/wettbewerb/RSK1/plus/1,20250061,콤파뇨,official_english_name_and_club
558086,Dong-gyeong Lee,1,Ulsan HD FC,28,South Korea,Attacking Midfield,MF,1600000,https://www.transfermarkt.com/dong-gyeong-lee/profil/spieler/558086,https://www.transfermarkt.com/dong-gyeong-lee/marktwertverlauf/spieler/558086,https://www.transfermarkt.com/k-league-1/marktwerte/wettbewerb/RSK1/plus/1,20180088,이동경,official_english_name_and_club
365377,Jin-gyu Kim,1,Jeonbuk Hyundai Motors,29,South Korea,Central Midfield,MF,1200000,https://www.transfermarkt.com/jin-gyu-kim/profil/spieler/365377,https://www.transfermarkt.com/jin-gyu-kim/marktwertverlauf/spieler/365377,https://www.transfermarkt.com/k-league-1/marktwerte/wettbewerb/RSK1/plus/1,20150052,김진규,official_english_name_and_club
535037,Erick Farias,1,Ulsan HD FC,29,Brazil,Centre-Forward,FW,1200000,https://www.transfermarkt.com/erick-farias/profil/spieler/535037,https://www.transfermarkt.com/erick-farias/marktwertverlauf/spieler/535037,https://www.transfermarkt.com/k-league-1/marktwerte/wettbewerb/RSK1/plus/1,20260029,에릭,unique_club_age_nationality_position
867382,Oberdan,1,Jeonbuk Hyundai Motors,30,Brazil,Defensive Midfield,MF,1200000,https://www.transfermarkt.com/oberdan/profil/spieler/867382,https://www.transfermarkt.com/oberdan/marktwertverlauf/spieler/867382,https://www.transfermarkt.com/k-league-1/marktwerte/wettbewerb/RSK1/plus/1,20230043,오베르단,unique_club_age_nationality_position
508237,Bum-keun Song,1,Jeonbuk Hyundai Motors,28,South Korea,Goalkeeper,GK,1000000,https://www.transfermarkt.com/bum-keun-song/profil/spieler/508237,https://www.transfermarkt.com/bum-keun-song/marktwertverlauf/spieler/508237,https://www.transfermarkt.com/k-league-1/marktwerte/wettbewerb/RSK1/plus/1,20180025,송범근,official_english_name_and_club
379438,Seung-hyun Jung,1,Ulsan HD FC,32,South Korea,Centre-Back,DF,1000000,https://www.transfermarkt.com/seung-hyun-jung/profil/spieler/379438,https://www.transfermarkt.com/seung-hyun-jung/marktwertverlauf/spieler/379438,https://www.transfermarkt.com/k-league-1/marktwerte/wettbewerb/RSK1/plus/1,20150109,정승현,official_english_name_and_club
539961,Yazan Al-Arab,1,FC Seoul,30,Jordan,Centre-Back,DF,1000000,https://www.transfermarkt.com/yazan-al-arab/profil/spieler/539961,https://www.transfermarkt.com/yazan-al-arab/marktwertverlauf/spieler/539961,https://www.transfermarkt.com/k-league-1/marktwerte/wettbewerb/RSK1/plus/1,20240324,야잔,unique_club_age_nationality_position
581977,Min-kyu Song,1,FC Seoul,26,South Korea,Left Winger,FW,1000000,https://www.transfermarkt.com/min-kyu-song/profil/spieler/581977,https://www.transfermarkt.com/min-kyu-song/marktwertverlauf/spieler/581977,https://www.transfermarkt.com/k-league-1/marktwerte/wettbewerb/RSK1/plus/1,20180034,송민규,official_english_name_and_club
545501,Ho-jae Lee,1,Pohang Steelers,25,South Korea,Centre-Forward,FW,900000,https://www.transfermarkt.com/ho-jae-lee/profil/spieler/545501,https://www.transfermarkt.com/ho-jae-lee/marktwertverlauf/spieler/545501,https://www.transfermarkt.com/k-league-1/marktwerte/wettbewerb/RSK1/plus/1,20210161,이호재,official_english_name_and_club
782763,Bong-soo Kim,1,Daejeon Hana Citizen,26,South Korea,Central Midfield,MF,900000,https://www.transfermarkt.com/bong-soo-kim/profil/spieler/782763,https://www.transfermarkt.com/bong-soo-kim/marktwertverlauf/spieler/782763,https://www.transfermarkt.com/k-league-1/marktwerte/wettbewerb/RSK1/plus/1,20210176,김봉수,official_english_name_and_club
256018,Juan Antonio Ros,1,FC Seoul,30,Spain,Centre-Back,DF,900000,https://www.transfermarkt.com/juan-antonio-ros/profil/spieler/256018,https://www.transfermarkt.com/juan-antonio-ros/marktwertverlauf/spieler/256018,https://www.transfermarkt.com/k-league-1/marktwerte/wettbewerb/RSK1/plus/1,20260048,로스,unique_club_age_nationality_position
939763,Yago Cariello,1,Ulsan HD FC,26,Brazil,Centre-Forward,FW,900000,https://www.transfermarkt.com/yago-cariello/profil/spieler/939763,https://www.transfermarkt.com/yago-cariello/marktwertverlauf/spieler/939763,https://www.transfermarkt.com/k-league-1/marktwerte/wettbewerb/RSK1/plus/1,20230315,야고,unique_club_age_nationality_position
403723,Hrvoje Babec,1,FC Seoul,26,Croatia,Defensive Midfield,MF,900000,https://www.transfermarkt.com/hrvoje-babec/profil/spieler/403723,https://www.transfermarkt.com/hrvoje-babec/marktwertverlauf/spieler/403723,https://www.transfermarkt.com/k-league-1/marktwerte/wettbewerb/RSK1/plus/1,20260045,바베츠,official_english_name_and_club
858495,Emerson Negueba,1,Jeju SK,25,Brazil,Right Winger,FW,900000,https://www.transfermarkt.com/emerson-negueba/profil/spieler/858495,https://www.transfermarkt.com/emerson-negueba/marktwertverlauf/spieler/858495,https://www.transfermarkt.com/k-league-1/marktwerte/wettbewerb/RSK1/plus/1,20260228,네게바,unique_club_age_nationality_position
978480,Breno Herculano,1,FC Anyang,27,Brazil,Centre-Forward,FW,850000,https://www.transfermarkt.com/breno-herculano/profil/spieler/978480,https://www.transfermarkt.com/breno-herculano/marktwertverlauf/spieler/978480,https://www.transfermarkt.com/k-league-1/marktwerte/wettbewerb/RSK1/plus/1,,,
747820,Diogo Oliveira,1,Daejeon Hana Citizen,29,Brazil,Centre-Forward,FW,800000,https://www.transfermarkt.com/diogo-oliveira/profil/spieler/747820,https://www.transfermarkt.com/diogo-oliveira/marktwertverlauf/spieler/747820,https://www.transfermarkt.com/k-league-1/marktwerte/wettbewerb/RSK1/plus/1,20260062,디오고,unique_club_age_nationality_position
484874,Matheus Oliveira,1,FC Anyang,28,Brazil,Attacking Midfield,MF,800000,https://www.transfermarkt.com/matheus-oliveira/profil/spieler/484874,https://www.transfermarkt.com/matheus-oliveira/marktwertverlauf/spieler/484874,https://www.transfermarkt.com/k-league-1/marktwerte/wettbewerb/RSK1/plus/1,20240078,마테우스,unique_club_age_nationality_position
497439,Dae-won Kim,1,Gangwon FC,29,South Korea,Left Winger,FW,800000,https://www.transfermarkt.com/dae-won-kim/profil/spieler/497439,https://www.transfermarkt.com/dae-won-kim/marktwertverlauf/spieler/497439,https://www.transfermarkt.com/k-league-1/marktwerte/wettbewerb/RSK1/plus/1,20160098,김대원,official_english_name_and_club
763349,Gi-hyuk Lee,1,Gangwon FC,25,South Korea,Centre-Back,DF,800000,https://www.transfermarkt.com/gi-hyuk-lee/profil/spieler/763349,https://www.transfermarkt.com/gi-hyuk-lee/marktwertverlauf/spieler/763349,https://www.transfermarkt.com/k-league-1/marktwerte/wettbewerb/RSK1/plus/1,20210104,이기혁,official_english_name_and_club
558269,Gustav Ludwigson,1,Daejeon Hana Citizen,32,Sweden,Left Winger,FW,750000,https://www.transfermarkt.com/gustav-ludwigson/profil/spieler/558269,https://www.transfermarkt.com/gustav-ludwigson/marktwertverlauf/spieler/558269,https://www.transfermarkt.com/k-league-1/marktwerte/wettbewerb/RSK1/plus/1,,,
524592,Moon-hwan Kim,1,Daejeon Hana Citizen,30,South Korea,Right-Back,DF,750000,https://www.transfermarkt.com/moon-hwan-kim/profil/spieler/524592,https://www.transfermarkt.com/moon-hwan-kim/marktwertverlauf/spieler/524592,https://www.transfermarkt.com/k-league-1/marktwerte/wettbewerb/RSK1/plus/1,20170122,김문환,official_english_name_and_club
508366,Tae-hyeon Kim,1,Jeonbuk Hyundai Motors,29,South Korea,Left-Back,DF,750000,https://www.transfermarkt.com/tae-hyeon-kim/profil/spieler/508366,https://www.transfermarkt.com/tae-hyeon-kim/marktwertverlauf/spieler/508366,https://www.transfermarkt.com/k-league-1/marktwerte/wettbewerb/RSK1/plus/1,20180185,김태현,unique_club_age_nationality_position
476102,Marcão,1,Ulsan HD FC,31,Brazil,Centre-Forward,FW,750000,https://www.transfermarkt.com/marcao/profil/spieler/476102,https://www.transfermarkt.com/marcao/marktwertverlauf/spieler/476102,https://www.transfermarkt.com/k-league-1/marktwerte/wettbewerb/RSK1/plus/1,20170095,말컹,unique_club_age_nationality_position
184526,Darijan Bojanic,1,Ulsan HD FC,31,Sweden,Central Midfield,MF,750000,https://www.transfermarkt.com/darijan-bojanic/profil/spieler/184526,https://www.transfermarkt.com/darijan-bojanic/marktwertverlauf/spieler/184526,https://www.transfermarkt.com/k-league-1/marktwerte/wettbewerb/RSK1/plus/1,20230108,보야니치,official_english_name_and_club
528052,Jae-hyeon Mo,1,Gangwon FC,29,South Korea,Right Winger,FW,750000,https://www.transfermarkt.com/jae-hyeon-mo/profil/spieler/528052,https://www.transfermarkt.com/jae-hyeon-mo/marktwertverlauf/spieler/528052,https://www.transfermarkt.com/k-league-1/marktwerte/wettbewerb/RSK1/plus/1/page/2,20170164,모재현,official_english_name_and_club
564915,Dong-hyeon Kim,1,Gangwon FC,28,South Korea,Defensive Midfield,MF,750000,https://www.transfermarkt.com/dong-hyeon-kim/profil/spieler/564915,https://www.transfermarkt.com/dong-hyeon-kim/marktwertverlauf/spieler/564915,https://www.transfermarkt.com/k-league-1/marktwerte/wettbewerb/RSK1/plus/1/page/2,20180235,김동현,unique_club_age_nationality_position
630269,Won-sang Um,1,Daejeon Hana Citizen,27,South Korea,Right Winger,FW,700000,https://www.transfermarkt.com/won-sang-um/profil/spieler/630269,https://www.transfermarkt.com/won-sang-um/marktwertverlauf/spieler/630269,https://www.transfermarkt.com/k-league-1/marktwerte/wettbewerb/RSK1/plus/1/page/2,20190172,엄원상,official_english_name_and_club
364696,Chan-yong Park,1,Pohang Steelers,30,South Korea,Centre-Back,DF,700000,https://www.transfermarkt.com/chan-yong-park/profil/spieler/364696,https://www.transfermarkt.com/chan-yong-park/marktwertverlauf/spieler/364696,https://www.transfermarkt.com/k-league-1/marktwerte/wettbewerb/RSK1/plus/1/page/2,20200146,박찬용,official_english_name_and_club
510244,Chang-rae Ha,1,Daejeon Hana Citizen,31,South Korea,Centre-Back,DF,700000,https://www.transfermarkt.com/chang-rae-ha/profil/spieler/510244,https://www.transfermarkt.com/chang-rae-ha/marktwertverlauf/spieler/510244,https://www.transfermarkt.com/k-league-1/marktwerte/wettbewerb/RSK1/plus/1/page/2,20170173,하창래,official_english_name_and_club
122077,Tobias Figueiredo,1,Jeju SK,32,Portugal,Centre-Back,DF,700000,https://www.transfermarkt.com/tobias-figueiredo/profil/spieler/122077,https://www.transfermarkt.com/tobias-figueiredo/marktwertverlauf/spieler/122077,https://www.transfermarkt.com/k-league-1/marktwerte/wettbewerb/RSK1/plus/1/page/2,20260294,토비아스,unique_club_age_nationality_position
630167,Jun Choi,1,FC Seoul,27,South Korea,Right-Back,DF,700000,https://www.transfermarkt.com/jun-choi/profil/spieler/630167,https://www.transfermarkt.com/jun-choi/marktwertverlauf/spieler/630167,https://www.transfermarkt.com/k-league-1/marktwerte/wettbewerb/RSK1/plus/1/page/2,20200041,최준,official_english_name_and_club
545375,Tiago Orobó,1,Jeonbuk Hyundai Motors,32,Brazil,Centre-Forward,FW,650000,https://www.transfermarkt.com/tiago-orobo/profil/spieler/545375,https://www.transfermarkt.com/tiago-orobo/marktwertverlauf/spieler/545375,https://www.transfermarkt.com/k-league-1/marktwerte/wettbewerb/RSK1/plus/1/page/2,20220244,티아고,unique_club_age_nationality_position
358648,Anton Kryvotsiuk,1,Daejeon Hana Citizen,27,Azerbaijan,Centre-Back,DF,650000,https://www.transfermarkt.com/anton-kryvotsiuk/profil/spieler/358648,https://www.transfermarkt.com/anton-kryvotsiuk/marktwertverlauf/spieler/358648,https://www.transfermarkt.com/k-league-1/marktwerte/wettbewerb/RSK1/plus/1/page/2,,,
260171,Hyeon-woo Jo,1,Ulsan HD FC,34,South Korea,Goalkeeper,GK,650000,https://www.transfermarkt.com/hyeon-woo-jo/profil/spieler/260171,https://www.transfermarkt.com/hyeon-woo-jo/marktwertverlauf/spieler/260171,https://www.transfermarkt.com/k-league-1/marktwerte/wettbewerb/RSK1/plus/1/page/2,20130156,조현우,official_english_name_and_club
594550,Anderson Oliveira,1,FC Seoul,27,Brazil,Left Winger,FW,650000,https://www.transfermarkt.com/anderson-oliveira/profil/spieler/594550,https://www.transfermarkt.com/anderson-oliveira/marktwertverlauf/spieler/594550,https://www.transfermarkt.com/k-league-1/marktwerte/wettbewerb/RSK1/plus/1/page/2,20240179,안데르손,unique_club_age_nationality_position
402151,Sang-heon Lee,1,Gimcheon Sangmu,28,South Korea,Attacking Midfield,MF,650000,https://www.transfermarkt.com/sang-heon-lee/profil/spieler/402151,https://www.transfermarkt.com/sang-heon-lee/marktwertverlauf/spieler/402151,https://www.transfermarkt.com/k-league-1/marktwerte/wettbewerb/RSK1/plus/1/page/2,20170022,이상헌,official_english_name_and_club
549553,Marko Tuci,1,Gangwon FC,27,Montenegro,Centre-Back,DF,650000,https://www.transfermarkt.com/marko-tuci/profil/spieler/549553,https://www.transfermarkt.com/marko-tuci/marktwertverlauf/spieler/549553,https://www.transfermarkt.com/k-league-1/marktwerte/wettbewerb/RSK1/plus/1/page/2,20230308,강투지,official_english_name_and_club
572166,Jae-hyun Go,1,Gimcheon Sangmu,27,South Korea,Right Winger,FW,600000,https://www.transfermarkt.com/jae-hyun-go/profil/spieler/572166,https://www.transfermarkt.com/jae-hyun-go/marktwertverlauf/spieler/572166,https://www.transfermarkt.com/k-league-1/marktwerte/wettbewerb/RSK1/plus/1/page/2,,,
264082,Min-kyu Joo,1,Daejeon Hana Citizen,36,South Korea,Centre-Forward,FW,600000,https://www.transfermarkt.com/min-kyu-joo/profil/spieler/264082,https://www.transfermarkt.com/min-kyu-joo/marktwertverlauf/spieler/264082,https://www.transfermarkt.com/k-league-1/marktwerte/wettbewerb/RSK1/plus/1/page/2,20130248,주민규,official_english_name_and_club
677469,Hyun-taek Cho,1,Ulsan HD FC,24,South Korea,Left-Back,DF,600000,https://www.transfermarkt.com/hyun-taek-cho/profil/spieler/677469,https://www.transfermarkt.com/hyun-taek-cho/marktwertverlauf/spieler/677469,https://www.transfermarkt.com/k-league-1/marktwerte/wettbewerb/RSK1/plus/1/page/2,20200055,조현택,official_english_name_and_club
261394,Sang-woo Kang,1,Ulsan HD FC,32,South Korea,Left-Back,DF,600000,https://www.transfermarkt.com/sang-woo-kang/profil/spieler/261394,https://www.transfermarkt.com/sang-woo-kang/marktwertverlauf/spieler/261394,https://www.transfermarkt.com/k-league-1/marktwerte/wettbewerb/RSK1/plus/1/page/2,20140033,강상우,official_english_name_and_club
730142,Min-woo Seo,1,Gangwon FC,28,South Korea,Defensive Midfield,MF,600000,https://www.transfermarkt.com/min-woo-seo/profil/spieler/730142,https://www.transfermarkt.com/min-woo-seo/marktwertverlauf/spieler/730142,https://www.transfermarkt.com/k-league-1/marktwerte/wettbewerb/RSK1/plus/1/page/2,20200077,서민우,official_english_name_and_club
1227015,Min-ha Shin,1,Gangwon FC,20,South Korea,Centre-Back,DF,600000,https://www.transfermarkt.com/min-ha-shin/profil/spieler/1227015,https://www.transfermarkt.com/min-ha-shin/marktwertverlauf/spieler/1227015,https://www.transfermarkt.com/k-league-1/marktwerte/wettbewerb/RSK1/plus/1/page/2,,,
560903,Patrick William,1,Bucheon FC 1995,28,Brazil,Centre-Back,DF,600000,https://www.transfermarkt.com/patrick-william/profil/spieler/560903,https://www.transfermarkt.com/patrick-william/marktwertverlauf/spieler/560903,https://www.transfermarkt.com/k-league-1/marktwerte/wettbewerb/RSK1/plus/1/page/2,20260109,패트릭,unique_club_age_nationality_position
711708,Sang-yun Kang,1,Jeonbuk Hyundai Motors,21,South Korea,Central Midfield,MF,600000,https://www.transfermarkt.com/sang-yun-kang/profil/spieler/711708,https://www.transfermarkt.com/sang-yun-kang/marktwertverlauf/spieler/711708,https://www.transfermarkt.com/k-league-1/marktwerte/wettbewerb/RSK1/plus/1/page/2,,,
643242,Bruno Mota,1,Jeonbuk Hyundai Motors,30,Brazil,Centre-Forward,FW,550000,https://www.transfermarkt.com/bruno-mota/profil/spieler/643242,https://www.transfermarkt.com/bruno-mota/marktwertverlauf/spieler/643242,https://www.transfermarkt.com/k-league-1/marktwerte/wettbewerb/RSK1/plus/1/page/2,20230224,모따,unique_club_age_nationality_position
550978,Wi-je Cho,1,Jeonbuk Hyundai Motors,24,South Korea,Centre-Back,DF,550000,https://www.transfermarkt.com/wi-je-cho/profil/spieler/550978,https://www.transfermarkt.com/wi-je-cho/marktwertverlauf/spieler/550978,https://www.transfermarkt.com/k-league-1/marktwerte/wettbewerb/RSK1/plus/1/page/2,20220174,조위제,unique_club_age_nationality_position
639040,Yun-sang Hong,1,Gimcheon Sangmu,24,South Korea,Left Winger,FW,550000,https://www.transfermarkt.com/yun-sang-hong/profil/spieler/639040,https://www.transfermarkt.com/yun-sang-hong/marktwertverlauf/spieler/639040,https://www.transfermarkt.com/k-league-1/marktwerte/wettbewerb/RSK1/plus/1/page/2,20230332,홍윤상,official_english_name_and_club
858766,Byung-kwan Jeon,1,Gimcheon Sangmu,23,South Korea,Left Winger,FW,550000,https://www.transfermarkt.com/byung-kwan-jeon/profil/spieler/858766,https://www.transfermarkt.com/byung-kwan-jeon/marktwertverlauf/spieler/858766,https://www.transfermarkt.com/k-league-1/marktwerte/wettbewerb/RSK1/plus/1/page/2,20210124,전병관,unique_club_age_nationality_position
497440,Seung-won Jeong,1,FC Seoul,29,South Korea,Right Winger,FW,550000,https://www.transfermarkt.com/seung-won-jeong/profil/spieler/497440,https://www.transfermarkt.com/seung-won-jeong/marktwertverlauf/spieler/497440,https://www.transfermarkt.com/k-league-1/marktwerte/wettbewerb/RSK1/plus/1/page/3,20160099,정승원,official_english_name_and_club
132532,Chang-geun Lee,1,Daejeon Hana Citizen,32,South Korea,Goalkeeper,GK,550000,https://www.transfermarkt.com/chang-geun-lee/profil/spieler/132532,https://www.transfermarkt.com/chang-geun-lee/marktwertverlauf/spieler/132532,https://www.transfermarkt.com/k-league-1/marktwerte/wettbewerb/RSK1/plus/1/page/3,20120148,이창근,official_english_name_and_club
387153,Patryk Klimala,1,FC Seoul,27,Poland,Centre-Forward,FW,550000,https://www.transfermarkt.com/patryk-klimala/profil/spieler/387153,https://www.transfermarkt.com/patryk-klimala/marktwertverlauf/spieler/387153,https://www.transfermarkt.com/k-league-1/marktwerte/wettbewerb/RSK1/plus/1/page/3,20250331,클리말라,official_english_name_and_club
197157,Gerso,1,Incheon United,35,Guinea-Bissau,Left Winger,FW,500000,https://www.transfermarkt.com/gerso/profil/spieler/197157,https://www.transfermarkt.com/gerso/marktwertverlauf/spieler/197157,https://www.transfermarkt.com/k-league-1/marktwerte/wettbewerb/RSK1/plus/1/page/3,,,
576188,Seung-sub Kim,1,Jeonbuk Hyundai Motors,29,South Korea,Left Winger,FW,500000,https://www.transfermarkt.com/seung-sub-kim/profil/spieler/576188,https://www.transfermarkt.com/seung-sub-kim/marktwertverlauf/spieler/576188,https://www.transfermarkt.com/k-league-1/marktwerte/wettbewerb/RSK1/plus/1/page/3,20180212,김승섭,official_english_name_and_club
652527,Min-duk Kim,1,Daejeon Hana Citizen,29,South Korea,Centre-Back,DF,500000,https://www.transfermarkt.com/min-duk-kim/profil/spieler/652527,https://www.transfermarkt.com/min-duk-kim/marktwertverlauf/spieler/652527,https://www.transfermarkt.com/k-league-1/marktwerte/wettbewerb/RSK1/plus/1/page/3,20190041,김민덕,official_english_name_and_club
428671,In-jae Hwang,1,Pohang Steelers,32,South Korea,Goalkeeper,GK,500000,https://www.transfermarkt.com/in-jae-hwang/profil/spieler/428671,https://www.transfermarkt.com/in-jae-hwang/marktwertverlauf/spieler/428671,https://www.transfermarkt.com/k-league-1/marktwerte/wettbewerb/RSK1/plus/1/page/3,20160079,황인재,official_english_name_and_club
468323,Bobsin,1,Daejeon Hana Citizen,26,Brazil,Defensive Midfield,MF,500000,https://www.transfermarkt.com/bobsin/profil/spieler/468323,https://www.transfermarkt.com/bobsin/marktwertverlauf/spieler/468323,https://www.transfermarkt.com/k-league-1/marktwerte/wettbewerb/RSK1/plus/1/page/3,20230326,밥신,unique_club_age_nationality_position
969494,Kento Nishiya,1,Pohang Steelers,26,Japan,Defensive Midfield,MF,500000,https://www.transfermarkt.com/kento-nishiya/profil/spieler/969494,https://www.transfermarkt.com/kento-nishiya/marktwertverlauf/spieler/969494,https://www.transfermarkt.com/k-league-1/marktwerte/wettbewerb/RSK1/plus/1/page/3,20260024,니시야 켄토,official_english_name_and_club
347038,Thomas Oude Kotte,1,FC Anyang,30,Netherlands,Centre-Back,DF,500000,https://www.transfermarkt.com/thomas-oude-kotte/profil/spieler/347038,https://www.transfermarkt.com/thomas-oude-kotte/marktwertverlauf/spieler/347038,https://www.transfermarkt.com/k-league-1/marktwerte/wettbewerb/RSK1/plus/1/page/3,20250087,토마스,official_english_name_and_club
269601,Dong-jun Lee,1,Jeonbuk Hyundai Motors,29,South Korea,Right Winger,FW,500000,https://www.transfermarkt.com/dong-jun-lee/profil/spieler/269601,https://www.transfermarkt.com/dong-jun-lee/marktwertverlauf/spieler/269601,https://www.transfermarkt.com/k-league-1/marktwerte/wettbewerb/RSK1/plus/1/page/3,20170121,이동준,official_english_name_and_club
280602,Masatoshi Ishida,1,Daejeon Hana Citizen,31,Japan,Second Striker,FW,500000,https://www.transfermarkt.com/masatoshi-ishida/profil/spieler/280602,https://www.transfermarkt.com/masatoshi-ishida/marktwertverlauf/spieler/280602,https://www.transfermarkt.com/k-league-1/marktwerte/wettbewerb/RSK1/plus/1/page/3,,,
552241,Rodrigo Bassani,1,Bucheon FC 1995,28,Brazil,Attacking Midfield,MF,500000,https://www.transfermarkt.com/rodrigo-bassani/profil/spieler/552241,https://www.transfermarkt.com/rodrigo-bassani/marktwertverlauf/spieler/552241,https://www.transfermarkt.com/k-league-1/marktwerte/wettbewerb/RSK1/plus/1/page/3,,,
274824,Dong-jun Kim,1,Jeju SK,31,South Korea,Goalkeeper,GK,500000,https://www.transfermarkt.com/dong-jun-kim/profil/spieler/274824,https://www.transfermarkt.com/dong-jun-kim/marktwertverlauf/spieler/274824,https://www.transfermarkt.com/k-league-1/marktwerte/wettbewerb/RSK1/plus/1/page/3,20160156,김동준,official_english_name_and_club
238030,Sung-yun Gu,1,FC Seoul,31,South Korea,Goalkeeper,GK,500000,https://www.transfermarkt.com/sung-yun-gu/profil/spieler/238030,https://www.transfermarkt.com/sung-yun-gu/marktwertverlauf/spieler/238030,https://www.transfermarkt.com/k-league-1/marktwerte/wettbewerb/RSK1/plus/1/page/3,20200301,구성윤,official_english_name_and_club
654312,Seong-ung Maeng,1,Jeonbuk Hyundai Motors,28,South Korea,Central Midfield,MF,500000,https://www.transfermarkt.com/seong-ung-maeng/profil/spieler/654312,https://www.transfermarkt.com/seong-ung-maeng/marktwertverlauf/spieler/654312,https://www.transfermarkt.com/k-league-1/marktwerte/wettbewerb/RSK1/plus/1/page/3,20190084,맹성웅,official_english_name_and_club
639245,Young-jun Goh,1,Gangwon FC,24,South Korea,Attacking Midfield,MF,450000,https://www.transfermarkt.com/young-jun-goh/profil/spieler/639245,https://www.transfermarkt.com/young-jun-goh/marktwertverlauf/spieler/639245,https://www.transfermarkt.com/k-league-1/marktwerte/wettbewerb/RSK1/plus/1/page/3,20200066,고영준,official_english_name_and_club
652530,Dong-heon Kim,1,Incheon United,29,South Korea,Goalkeeper,GK,450000,https://www.transfermarkt.com/dong-heon-kim/profil/spieler/652530,https://www.transfermarkt.com/dong-heon-kim/marktwertverlauf/spieler/652530,https://www.transfermarkt.com/k-league-1/marktwerte/wettbewerb/RSK1/plus/1/page/3,20190064,김동헌,official_english_name_and_club
508376,Soon-min Lee,1,Daejeon Hana Citizen,32,South Korea,Central Midfield,MF,450000,https://www.transfermarkt.com/soon-min-lee/profil/spieler/508376,https://www.transfermarkt.com/soon-min-lee/marktwertverlauf/spieler/508376,https://www.transfermarkt.com/k-league-1/marktwerte/wettbewerb/RSK1/plus/1/page/3,20170097,이순민,official_english_name_and_club
645846,Min-gyu Jang,1,Jeju SK,27,South Korea,Centre-Back,DF,450000,https://www.transfermarkt.com/min-gyu-jang/profil/spieler/645846,https://www.transfermarkt.com/min-gyu-jang/marktwertverlauf/spieler/645846,https://www.transfermarkt.com/k-league-1/marktwerte/wettbewerb/RSK1/plus/1/page/3,20250093,장민규,unique_club_age_nationality_position
586944,Tae-joon Park,1,Gimcheon Sangmu,27,South Korea,Central Midfield,MF,450000,https://www.transfermarkt.com/tae-joon-park/profil/spieler/586944,https://www.transfermarkt.com/tae-joon-park/marktwertverlauf/spieler/586944,https://www.transfermarkt.com/k-league-1/marktwerte/wettbewerb/RSK1/plus/1/page/3,,,
639090,Jeong-hoon Kim,1,FC Anyang,25,South Korea,Goalkeeper,GK,450000,https://www.transfermarkt.com/jeong-hoon-kim/profil/spieler/639090,https://www.transfermarkt.com/jeong-hoon-kim/marktwertverlauf/spieler/639090,https://www.transfermarkt.com/k-league-1/marktwerte/wettbewerb/RSK1/plus/1/page/3,20190375,김정훈,official_english_name_and_club
192740,Aleksandar Palocevic,1,FC Seoul,32,Serbia,Attacking Midfield,MF,450000,https://www.transfermarkt.com/aleksandar-palocevic/profil/spieler/192740,https://www.transfermarkt.com/aleksandar-palocevic/marktwertverlauf/spieler/192740,https://www.transfermarkt.com/k-league-1/marktwerte/wettbewerb/RSK1/plus/1/page/3,,,
784335,Jun-soo Byeon,1,Gimcheon Sangmu,24,South Korea,Centre-Back,DF,450000,https://www.transfermarkt.com/jun-soo-byeon/profil/spieler/784335,https://www.transfermarkt.com/jun-soo-byeon/marktwertverlauf/spieler/784335,https://www.transfermarkt.com/k-league-1/marktwerte/wettbewerb/RSK1/plus/1/page/3,20200317,변준수,official_english_name_and_club
260197,Ji-su Park,1,Jeonbuk Hyundai Motors,31,South Korea,Centre-Back,DF,450000,https://www.transfermarkt.com/ji-su-park/profil/spieler/260197,https://www.transfermarkt.com/ji-su-park/marktwertverlauf/spieler/260197,https://www.transfermarkt.com/k-league-1/marktwerte/wettbewerb/RSK1/plus/1/page/3,20130142,박지수,official_english_name_and_club
389181,Gyu-sung Lee,1,Ulsan HD FC,32,South Korea,Central Midfield,MF,450000,https://www.transfermarkt.com/gyu-sung-lee/profil/spieler/389181,https://www.transfermarkt.com/gyu-sung-lee/marktwertverlauf/spieler/389181,https://www.transfermarkt.com/k-league-1/marktwerte/wettbewerb/RSK1/plus/1/page/4,20150050,이규성,official_english_name_and_club
280239,Seung-woo Lee,1,Jeonbuk Hyundai Motors,28,South Korea,Left Winger,FW,450000,https://www.transfermarkt.com/seung-woo-lee/profil/spieler/280239,https://www.transfermarkt.com/seung-woo-lee/marktwertverlauf/spieler/280239,https://www.transfermarkt.com/k-league-1/marktwerte/wettbewerb/RSK1/plus/1/page/4,20220042,이승우,official_english_name_and_club
486601,Yeong-jae Lee,1,Jeonbuk Hyundai Motors,31,South Korea,Central Midfield,MF,450000,https://www.transfermarkt.com/yeong-jae-lee/profil/spieler/486601,https://www.transfermarkt.com/yeong-jae-lee/marktwertverlauf/spieler/486601,https://www.transfermarkt.com/k-league-1/marktwerte/wettbewerb/RSK1/plus/1/page/4,20150104,이영재,official_english_name_and_club
402166,Seung-mo Lee,1,FC Seoul,28,South Korea,Central Midfield,MF,450000,https://www.transfermarkt.com/seung-mo-lee/profil/spieler/402166,https://www.transfermarkt.com/seung-mo-lee/marktwertverlauf/spieler/402166,https://www.transfermarkt.com/k-league-1/marktwerte/wettbewerb/RSK1/plus/1/page/4,20170052,이승모,official_english_name_and_club
297720,Young-wook Cho,1,FC Seoul,27,South Korea,Centre-Forward,FW,450000,https://www.transfermarkt.com/young-wook-cho/profil/spieler/297720,https://www.transfermarkt.com/young-wook-cho/marktwertverlauf/spieler/297720,https://www.transfermarkt.com/k-league-1/marktwerte/wettbewerb/RSK1/plus/1/page/4,20180073,조영욱,official_english_name_and_club
364406,João Gamboa,1,Jeonbuk Hyundai Motors,29,Portugal,Defensive Midfield,MF,400000,https://www.transfermarkt.com/joao-gamboa/profil/spieler/364406,https://www.transfermarkt.com/joao-gamboa/marktwertverlauf/spieler/364406,https://www.transfermarkt.com/k-league-1/marktwerte/wettbewerb/RSK1/plus/1/page/4,20250353,감보아,unique_club_age_nationality_position
562357,Hyeon-sik Lee,1,Daejeon Hana Citizen,30,South Korea,Central Midfield,MF,400000,https://www.transfermarkt.com/hyeon-sik-lee/profil/spieler/562357,https://www.transfermarkt.com/hyeon-sik-lee/marktwertverlauf/spieler/562357,https://www.transfermarkt.com/k-league-1/marktwerte/wettbewerb/RSK1/plus/1/page/4,,,
762583,Jung-taek Lee,1,Gimcheon Sangmu,28,South Korea,Centre-Back,DF,400000,https://www.transfermarkt.com/jung-taek-lee/profil/spieler/762583,https://www.transfermarkt.com/jung-taek-lee/marktwertverlauf/spieler/762583,https://www.transfermarkt.com/k-league-1/marktwerte/wettbewerb/RSK1/plus/1/page/4,20230198,이정택,official_english_name_and_club
696604,Airton Moisés,1,FC Anyang,27,Brazil,Left Winger,FW,400000,https://www.transfermarkt.com/airton-moises/profil/spieler/696604,https://www.transfermarkt.com/airton-moises/marktwertverlauf/spieler/696604,https://www.transfermarkt.com/k-league-1/marktwerte/wettbewerb/RSK1/plus/1/page/4,,,
314773,Myung-jae Lee,1,Daejeon Hana Citizen,32,South Korea,Left-Back,DF,400000,https://www.transfermarkt.com/myung-jae-lee/profil/spieler/314773,https://www.transfermarkt.com/myung-jae-lee/marktwertverlauf/spieler/314773,https://www.transfermarkt.com/k-league-1/marktwerte/wettbewerb/RSK1/plus/1/page/4,20140041,이명재,official_english_name_and_club
312424,Hyeon-mu Kang,1,FC Seoul,31,South Korea,Goalkeeper,GK,400000,https://www.transfermarkt.com/hyeon-mu-kang/profil/spieler/312424,https://www.transfermarkt.com/hyeon-mu-kang/marktwertverlauf/spieler/312424,https://www.transfermarkt.com/k-league-1/marktwerte/wettbewerb/RSK1/plus/1/page/4,20140038,강현무,official_english_name_and_club
862094,Jun-seok Song,1,Gangwon FC,25,South Korea,Left-Back,DF,400000,https://www.transfermarkt.com/jun-seok-song/profil/spieler/862094,https://www.transfermarkt.com/jun-seok-song/marktwertverlauf/spieler/862094,https://www.transfermarkt.com/k-league-1/marktwerte/wettbewerb/RSK1/plus/1/page/4,20210112,송준석,official_english_name_and_club
568663,Joon-hyuck Kang,1,Gangwon FC,26,South Korea,Right-Back,DF,400000,https://www.transfermarkt.com/joon-hyuck-kang/profil/spieler/568663,https://www.transfermarkt.com/joon-hyuck-kang/marktwertverlauf/spieler/568663,https://www.transfermarkt.com/k-league-1/marktwerte/wettbewerb/RSK1/plus/1/page/4,20230270,강준혁,unique_club_age_nationality_position
429693,You-hyeon Lee,1,Gangwon FC,29,South Korea,Right-Back,DF,400000,https://www.transfermarkt.com/you-hyeon-lee/profil/spieler/429693,https://www.transfermarkt.com/you-hyeon-lee/marktwertverlauf/spieler/429693,https://www.transfermarkt.com/k-league-1/marktwerte/wettbewerb/RSK1/plus/1/page/4,20170182,이유현,official_english_name_and_club
987568,Italo,1,Jeju SK,28,Brazil,Defensive Midfield,MF,400000,https://www.transfermarkt.com/italo/profil/spieler/987568,https://www.transfermarkt.com/italo/marktwertverlauf/spieler/987568,https://www.transfermarkt.com/k-league-1/marktwerte/wettbewerb/RSK1/plus/1/page/4,20260222,이탈로,unique_club_age_nationality_position
638567,Jae-min Seo,1,Incheon United,22,South Korea,Central Midfield,MF,400000,https://www.transfermarkt.com/jae-min-seo/profil/spieler/638567,https://www.transfermarkt.com/jae-min-seo/marktwertverlauf/spieler/638567,https://www.transfermarkt.com/k-league-1/marktwerte/wettbewerb/RSK1/plus/1/page/4,20220279,서재민,official_english_name_and_club
181113,Iker Undabarrena,1,Incheon United,31,Spain,Central Midfield,MF,400000,https://www.transfermarkt.com/iker-undabarrena/profil/spieler/181113,https://www.transfermarkt.com/iker-undabarrena/marktwertverlauf/spieler/181113,https://www.transfermarkt.com/k-league-1/marktwerte/wettbewerb/RSK1/plus/1/page/4,20260161,이케르,unique_club_age_nationality_position
149738,Stefan Mugosa,1,Incheon United,34,Montenegro,Centre-Forward,FW,400000,https://www.transfermarkt.com/stefan-mugosa/profil/spieler/149738,https://www.transfermarkt.com/stefan-mugosa/marktwertverlauf/spieler/149738,https://www.transfermarkt.com/k-league-1/marktwerte/wettbewerb/RSK1/plus/1/page/4,20260162,무고사,official_english_name_and_club
839460,Seung-won Lee,1,Gangwon FC,23,South Korea,Attacking Midfield,MF,400000,https://www.transfermarkt.com/seung-won-lee/profil/spieler/839460,https://www.transfermarkt.com/seung-won-lee/marktwertverlauf/spieler/839460,https://www.transfermarkt.com/k-league-1/marktwerte/wettbewerb/RSK1/plus/1/page/4,20230067,이승원,official_english_name_and_club
568644,Jong-beom Baek,1,Gimcheon Sangmu,25,South Korea,Goalkeeper,GK,400000,https://www.transfermarkt.com/jong-beom-baek/profil/spieler/568644,https://www.transfermarkt.com/jong-beom-baek/marktwertverlauf/spieler/568644,https://www.transfermarkt.com/k-league-1/marktwerte/wettbewerb/RSK1/plus/1/page/4,20190154,백종범,unique_club_age_nationality_position
853118,Sang-hyeok Park,1,Gangwon FC,23,South Korea,Centre-Forward,FW,400000,https://www.transfermarkt.com/sang-hyeok-park/profil/spieler/853118,https://www.transfermarkt.com/sang-hyeok-park/marktwertverlauf/spieler/853118,https://www.transfermarkt.com/k-league-1/marktwerte/wettbewerb/RSK1/plus/1/page/4,20210116,박상혁,official_english_name_and_club
1060671,Gun-hee Kim,1,Incheon United,23,South Korea,Centre-Back,DF,400000,https://www.transfermarkt.com/gun-hee-kim/profil/spieler/1060671,https://www.transfermarkt.com/gun-hee-kim/marktwertverlauf/spieler/1060671,https://www.transfermarkt.com/k-league-1/marktwerte/wettbewerb/RSK1/plus/1/page/4,20230053,김건희,unique_club_age_nationality_position
118451,Tae-hee Nam,1,Jeju SK,34,South Korea,Attacking Midfield,MF,400000,https://www.transfermarkt.com/tae-hee-nam/profil/spieler/118451,https://www.transfermarkt.com/tae-hee-nam/marktwertverlauf/spieler/118451,https://www.transfermarkt.com/k-league-1/marktwerte/wettbewerb/RSK1/plus/1/page/4,20240323,남태희,official_english_name_and_club
677470,Yool Heo,1,Ulsan HD FC,25,South Korea,Centre-Forward,FW,400000,https://www.transfermarkt.com/yool-heo/profil/spieler/677470,https://www.transfermarkt.com/yool-heo/marktwertverlauf/spieler/677470,https://www.transfermarkt.com/k-league-1/marktwerte/wettbewerb/RSK1/plus/1/page/4,20200099,허율,official_english_name_and_club
646357,Tae-hwan Kim,1,Gimcheon Sangmu,26,South Korea,Right-Back,DF,400000,https://www.transfermarkt.com/tae-hwan-kim/profil/spieler/646357,https://www.transfermarkt.com/tae-hwan-kim/marktwertverlauf/spieler/646357,https://www.transfermarkt.com/k-league-1/marktwerte/wettbewerb/RSK1/plus/1/page/4,20180324,김태환,official_english_name_and_club
688878,Matheus Frizzo,2,Suwon FC,27,Brazil,Attacking Midfield,MF,2000000,https://www.transfermarkt.com/matheus-frizzo/profil/spieler/688878,https://www.transfermarkt.com/matheus-frizzo/marktwertverlauf/spieler/688878,https://www.transfermarkt.com/k-league-2/marktwerte/wettbewerb/RSK2/plus/1,20260098,프리조,unique_club_age_nationality_position
1004065,Cristian Renato,2,Busan IPark,26,Brazil,Centre-Forward,FW,1200000,https://www.transfermarkt.com/cristian-renato/profil/spieler/1004065,https://www.transfermarkt.com/cristian-renato/marktwertverlauf/spieler/1004065,https://www.transfermarkt.com/k-league-2/marktwerte/wettbewerb/RSK2/plus/1,20260270,크리스찬,unique_club_age_nationality_position
721602,Ho-yeon Jung,2,Suwon Samsung Bluewings,25,South Korea,Central Midfield,MF,1000000,https://www.transfermarkt.com/ho-yeon-jung/profil/spieler/721602,https://www.transfermarkt.com/ho-yeon-jung/marktwertverlauf/spieler/721602,https://www.transfermarkt.com/k-league-2/marktwerte/wettbewerb/RSK2/plus/1,20220145,정호연,official_english_name_and_club
660528,Naeem Mohammed,2,Chungnam Asan FC,29,Ghana,Centre-Forward,FW,800000,https://www.transfermarkt.com/naeem-mohammed/profil/spieler/660528,https://www.transfermarkt.com/naeem-mohammed/marktwertverlauf/spieler/660528,https://www.transfermarkt.com/k-league-2/marktwerte/wettbewerb/RSK2/plus/1,20260282,나임,official_english_name_and_club
525576,Bandeira,2,Chungbuk Cheongju FC,25,Portugal,Right-Back,DF,700000,https://www.transfermarkt.com/bandeira/profil/spieler/525576,https://www.transfermarkt.com/bandeira/marktwertverlauf/spieler/525576,https://www.transfermarkt.com/k-league-2/marktwerte/wettbewerb/RSK2/plus/1,20260195,반데이라,unique_club_age_nationality_position
426201,Seung-beom Ko,2,Suwon Samsung Bluewings,32,South Korea,Central Midfield,MF,700000,https://www.transfermarkt.com/seung-beom-ko/profil/spieler/426201,https://www.transfermarkt.com/seung-beom-ko/marktwertverlauf/spieler/426201,https://www.transfermarkt.com/k-league-2/marktwerte/wettbewerb/RSK2/plus/1,20160115,고승범,official_english_name_and_club
255685,Valdívia,2,Jeonnam Dragons,31,Brazil,Attacking Midfield,MF,650000,https://www.transfermarkt.com/valdivia/profil/spieler/255685,https://www.transfermarkt.com/valdivia/marktwertverlauf/spieler/255685,https://www.transfermarkt.com/k-league-2/marktwerte/wettbewerb/RSK2/plus/1,,,
525875,Matheus Serafim,2,Daegu FC,28,Brazil,Left Winger,FW,600000,https://www.transfermarkt.com/matheus-serafim/profil/spieler/525875,https://www.transfermarkt.com/matheus-serafim/marktwertverlauf/spieler/525875,https://www.transfermarkt.com/k-league-2/marktwerte/wettbewerb/RSK2/plus/1,20250222,세라핌,unique_club_age_nationality_position
226382,Cesinha,2,Daegu FC,36,Brazil,Attacking Midfield,MF,600000,https://www.transfermarkt.com/cesinha/profil/spieler/226382,https://www.transfermarkt.com/cesinha/marktwertverlauf/spieler/226382,https://www.transfermarkt.com/k-league-2/marktwerte/wettbewerb/RSK2/plus/1,,,
585467,Mender García,2,Chungbuk Cheongju FC,27,Colombia,Centre-Forward,FW,600000,https://www.transfermarkt.com/mender-garcia/profil/spieler/585467,https://www.transfermarkt.com/mender-garcia/marktwertverlauf/spieler/585467,https://www.transfermarkt.com/k-league-2/marktwerte/wettbewerb/RSK2/plus/1,,,
374827,Aleksandar Vojnovic,2,Hwaseong FC,29,Bosnia and Herzegovina,Centre-Back,DF,600000,https://www.transfermarkt.com/aleksandar-vojnovic/profil/spieler/374827,https://www.transfermarkt.com/aleksandar-vojnovic/marktwertverlauf/spieler/374827,https://www.transfermarkt.com/k-league-2/marktwerte/wettbewerb/RSK2/plus/1,20250294,보이노비치,official_english_name_and_club
258624,Euller,2,Seoul E-Land FC,31,Brazil,Left Winger,FW,600000,https://www.transfermarkt.com/euller/profil/spieler/258624,https://www.transfermarkt.com/euller/marktwertverlauf/spieler/258624,https://www.transfermarkt.com/k-league-2/marktwerte/wettbewerb/RSK2/plus/1,20250192,에울레르,unique_club_age_nationality_position
655331,Luis Mina,2,Gimpo FC,32,Colombia,Centre-Forward,FW,600000,https://www.transfermarkt.com/luis-mina/profil/spieler/655331,https://www.transfermarkt.com/luis-mina/marktwertverlauf/spieler/655331,https://www.transfermarkt.com/k-league-2/marktwerte/wettbewerb/RSK2/plus/1,20230147,루이스,unique_club_age_nationality_position
312446,Jun-ho Son,2,Chungnam Asan FC,34,South Korea,Defensive Midfield,MF,550000,https://www.transfermarkt.com/jun-ho-son/profil/spieler/312446,https://www.transfermarkt.com/jun-ho-son/marktwertverlauf/spieler/312446,https://www.transfermarkt.com/k-league-2/marktwerte/wettbewerb/RSK2/plus/1,20140032,손준호,official_english_name_and_club
970944,Jae-won Hwang,2,Daegu FC,23,South Korea,Right-Back,DF,550000,https://www.transfermarkt.com/jae-won-hwang/profil/spieler/970944,https://www.transfermarkt.com/jae-won-hwang/marktwertverlauf/spieler/970944,https://www.transfermarkt.com/k-league-2/marktwerte/wettbewerb/RSK2/plus/1,20220106,황재원,official_english_name_and_club
732839,Kang-san Kim,2,Daegu FC,27,South Korea,Centre-Back,DF,550000,https://www.transfermarkt.com/kang-san-kim/profil/spieler/732839,https://www.transfermarkt.com/kang-san-kim/marktwertverlauf/spieler/732839,https://www.transfermarkt.com/k-league-2/marktwerte/wettbewerb/RSK2/plus/1,20200136,김강산,official_english_name_and_club
257456,Chico Geraldes,2,Seoul E-Land FC,31,Portugal,Attacking Midfield,MF,550000,https://www.transfermarkt.com/chico-geraldes/profil/spieler/257456,https://www.transfermarkt.com/chico-geraldes/marktwertverlauf/spieler/257456,https://www.transfermarkt.com/k-league-2/marktwerte/wettbewerb/RSK2/plus/1,20260323,제랄데스,unique_club_age_nationality_position
178042,Aboubacar Toungara,2,Cheonan City FC,31,Mali,Attacking Midfield,MF,550000,https://www.transfermarkt.com/aboubacar-toungara/profil/spieler/178042,https://www.transfermarkt.com/aboubacar-toungara/marktwertverlauf/spieler/178042,https://www.transfermarkt.com/k-league-2/marktwerte/wettbewerb/RSK2/plus/1,20240245,툰가라,unique_club_age_nationality_position
564684,Bruno Costa,2,Suwon Samsung Bluewings,26,Brazil,Left Winger,FW,550000,https://www.transfermarkt.com/bruno-costa/profil/spieler/564684,https://www.transfermarkt.com/bruno-costa/marktwertverlauf/spieler/564684,https://www.transfermarkt.com/k-league-2/marktwerte/wettbewerb/RSK2/plus/1,20240190,브루노 실바,unique_club_age_nationality_position
520401,Fessin,2,Suwon Samsung Bluewings,27,Brazil,Right Winger,FW,550000,https://www.transfermarkt.com/fessin/profil/spieler/520401,https://www.transfermarkt.com/fessin/marktwertverlauf/spieler/520401,https://www.transfermarkt.com/k-league-2/marktwerte/wettbewerb/RSK2/plus/1,20230163,페신,unique_club_age_nationality_position
243654,Reis,2,Suwon Samsung Bluewings,33,Brazil,Centre-Forward,FW,550000,https://www.transfermarkt.com/reis/profil/spieler/243654,https://www.transfermarkt.com/reis/marktwertverlauf/spieler/243654,https://www.transfermarkt.com/k-league-2/marktwerte/wettbewerb/RSK2/plus/1,,,
423610,Sava Petrov,2,Hwaseong FC,27,Serbia,Centre-Forward,FW,500000,https://www.transfermarkt.com/sava-petrov/profil/spieler/423610,https://www.transfermarkt.com/sava-petrov/marktwertverlauf/spieler/423610,https://www.transfermarkt.com/k-league-2/marktwerte/wettbewerb/RSK2/plus/1,20260136,페트로프,official_english_name_and_club
349903,Bruno Lamas,2,Cheonan City FC,32,Brazil,Attacking Midfield,MF,500000,https://www.transfermarkt.com/bruno-lamas/profil/spieler/349903,https://www.transfermarkt.com/bruno-lamas/marktwertverlauf/spieler/349903,https://www.transfermarkt.com/k-league-2/marktwerte/wettbewerb/RSK2/plus/1,,,
534304,John Iredale,2,Seoul E-Land FC,26,Australia,Centre-Forward,FW,500000,https://www.transfermarkt.com/john-iredale/profil/spieler/534304,https://www.transfermarkt.com/john-iredale/marktwertverlauf/spieler/534304,https://www.transfermarkt.com/k-league-2/marktwerte/wettbewerb/RSK2/plus/1,20250193,아이데일,unique_club_age_nationality_position
515639,Alan Cariús,2,Seoul E-Land FC,29,Brazil,Left Winger,FW,500000,https://www.transfermarkt.com/alan-carius/profil/spieler/515639,https://www.transfermarkt.com/alan-carius/marktwertverlauf/spieler/515639,https://www.transfermarkt.com/k-league-2/marktwerte/wettbewerb/RSK2/plus/1,20250344,까리우스,unique_club_age_nationality_position
344519,Bruno Costa,2,Gimhae FC,29,Portugal,Central Midfield,MF,500000,https://www.transfermarkt.com/bruno-costa/profil/spieler/344519,https://www.transfermarkt.com/bruno-costa/marktwertverlauf/spieler/344519,https://www.transfermarkt.com/k-league-2/marktwerte/wettbewerb/RSK2/plus/1/page/2,20250345,브루노 코스타,unique_club_age_nationality_position
739218,Luan Dias,2,Gimpo FC,28,Brazil,Attacking Midfield,MF,450000,https://www.transfermarkt.com/luan-dias/profil/spieler/739218,https://www.transfermarkt.com/luan-dias/marktwertverlauf/spieler/739218,https://www.transfermarkt.com/k-league-2/marktwerte/wettbewerb/RSK2/plus/1/page/2,20250283,루안,unique_club_age_nationality_position
817676,Geovani,2,Daegu FC,25,Brazil,Right Winger,FW,450000,https://www.transfermarkt.com/geovani/profil/spieler/817676,https://www.transfermarkt.com/geovani/marktwertverlauf/spieler/817676,https://www.transfermarkt.com/k-league-2/marktwerte/wettbewerb/RSK2/plus/1/page/2,20260153,지오바니,unique_club_age_nationality_position
383883,Leonard Pllana,2,Hwaseong FC,29,Kosovo,Right Winger,FW,450000,https://www.transfermarkt.com/leonard-pllana/profil/spieler/383883,https://www.transfermarkt.com/leonard-pllana/marktwertverlauf/spieler/383883,https://www.transfermarkt.com/k-league-2/marktwerte/wettbewerb/RSK2/plus/1/page/2,20220086,플라나,unique_club_age_nationality_position
85324,Borja Bastón,2,Paju Citizen FC,33,Spain,Centre-Forward,FW,450000,https://www.transfermarkt.com/borja-baston/profil/spieler/85324,https://www.transfermarkt.com/borja-baston/marktwertverlauf/spieler/85324,https://www.transfermarkt.com/k-league-2/marktwerte/wettbewerb/RSK2/plus/1/page/2,20260288,보르하 바스톤,unique_club_age_nationality_position
497422,Jin-hyuk Kim,2,Busan IPark,32,South Korea,Centre-Back,DF,450000,https://www.transfermarkt.com/jin-hyuk-kim/profil/spieler/497422,https://www.transfermarkt.com/jin-hyuk-kim/marktwertverlauf/spieler/497422,https://www.transfermarkt.com/k-league-2/marktwerte/wettbewerb/RSK2/plus/1/page/2,20150030,김진혁,official_english_name_and_club
198974,Willyan,2,Suwon FC,32,Brazil,Left Winger,FW,450000,https://www.transfermarkt.com/willyan/profil/spieler/198974,https://www.transfermarkt.com/willyan/marktwertverlauf/spieler/198974,https://www.transfermarkt.com/k-league-2/marktwerte/wettbewerb/RSK2/plus/1/page/2,20190291,윌리안,unique_club_age_nationality_position
651375,Amar Muhsin,2,Gimpo FC,28,Iraq,Centre-Forward,FW,450000,https://www.transfermarkt.com/amar-muhsin/profil/spieler/651375,https://www.transfermarkt.com/amar-muhsin/marktwertverlauf/spieler/651375,https://www.transfermarkt.com/k-league-2/marktwerte/wettbewerb/RSK2/plus/1/page/2,20260146,무신,official_english_name_and_club
126638,Jeong-ho Hong,2,Suwon Samsung Bluewings,36,South Korea,Centre-Back,DF,400000,https://www.transfermarkt.com/jeong-ho-hong/profil/spieler/126638,https://www.transfermarkt.com/jeong-ho-hong/marktwertverlauf/spieler/126638,https://www.transfermarkt.com/k-league-2/marktwerte/wettbewerb/RSK2/plus/1/page/2,20100163,홍정호,official_english_name_and_club
191292,Stanislav Ilyuchenko,2,Suwon Samsung Bluewings,35,Russia,Centre-Forward,FW,400000,https://www.transfermarkt.com/stanislav-ilyuchenko/profil/spieler/191292,https://www.transfermarkt.com/stanislav-ilyuchenko/marktwertverlauf/spieler/191292,https://www.transfermarkt.com/k-league-2/marktwerte/wettbewerb/RSK2/plus/1/page/2,,,
562360,Ji-hyun Kim,2,Suwon Samsung Bluewings,29,South Korea,Centre-Forward,FW,400000,https://www.transfermarkt.com/ji-hyun-kim/profil/spieler/562360,https://www.transfermarkt.com/ji-hyun-kim/marktwertverlauf/spieler/562360,https://www.transfermarkt.com/k-league-2/marktwerte/wettbewerb/RSK2/plus/1/page/2,20180118,김지현,official_english_name_and_club
225119,Rúben Macedo,2,Gyeongnam FC,30,Portugal,Left Winger,FW,400000,https://www.transfermarkt.com/ruben-macedo/profil/spieler/225119,https://www.transfermarkt.com/ruben-macedo/marktwertverlauf/spieler/225119,https://www.transfermarkt.com/k-league-2/marktwerte/wettbewerb/RSK2/plus/1/page/2,20250350,마세도,unique_club_age_nationality_position
579401,Demethryus,2,Hwaseong FC,27,Brazil,Attacking Midfield,MF,400000,https://www.transfermarkt.com/demethryus/profil/spieler/579401,https://www.transfermarkt.com/demethryus/marktwertverlauf/spieler/579401,https://www.transfermarkt.com/k-league-2/marktwerte/wettbewerb/RSK2/plus/1/page/2,20250358,데메트리우스,unique_club_age_nationality_position
178106,Kyo-won Han,2,Chungnam Asan FC,35,South Korea,Right Winger,FW,400000,https://www.transfermarkt.com/kyo-won-han/profil/spieler/178106,https://www.transfermarkt.com/kyo-won-han/marktwertverlauf/spieler/178106,https://www.transfermarkt.com/k-league-2/marktwerte/wettbewerb/RSK2/plus/1/page/2,20110138,한교원,official_english_name_and_club
555634,Derlan,2,Suwon FC,30,Brazil,Centre-Back,DF,400000,https://www.transfermarkt.com/derlan/profil/spieler/555634,https://www.transfermarkt.com/derlan/marktwertverlauf/spieler/555634,https://www.transfermarkt.com/k-league-2/marktwerte/wettbewerb/RSK2/plus/1/page/2,20260096,델란,unique_club_age_nationality_position
379439,Hyun-beom Ahn,2,Busan IPark,31,South Korea,Right-Back,DF,400000,https://www.transfermarkt.com/hyun-beom-ahn/profil/spieler/379439,https://www.transfermarkt.com/hyun-beom-ahn/marktwertverlauf/spieler/379439,https://www.transfermarkt.com/k-league-2/marktwerte/wettbewerb/RSK2/plus/1/page/2,20150101,안현범,official_english_name_and_club
634362,Jae-won Lee,2,Suwon FC,29,South Korea,Central Midfield,MF,400000,https://www.transfermarkt.com/jae-won-lee/profil/spieler/634362,https://www.transfermarkt.com/jae-won-lee/marktwertverlauf/spieler/634362,https://www.transfermarkt.com/k-league-2/marktwerte/wettbewerb/RSK2/plus/1/page/2,20190139,이재원,official_english_name_and_club
630165,Kwang-yeon Lee,2,Seongnam FC,26,South Korea,Goalkeeper,GK,400000,https://www.transfermarkt.com/kwang-yeon-lee/profil/spieler/630165,https://www.transfermarkt.com/kwang-yeon-lee/marktwertverlauf/spieler/630165,https://www.transfermarkt.com/k-league-2/marktwerte/wettbewerb/RSK2/plus/1/page/2,20190058,이광연,unique_club_age_nationality_position
374089,Carlos Jatobá,2,Daegu FC,30,Brazil,Central Midfield,MF,400000,https://www.transfermarkt.com/carlos-jatoba/profil/spieler/374089,https://www.transfermarkt.com/carlos-jatoba/marktwertverlauf/spieler/374089,https://www.transfermarkt.com/k-league-2/marktwerte/wettbewerb/RSK2/plus/1/page/2,20260159,카를로스,unique_club_age_nationality_position
788861,Matheus Babi,2,Suwon FC,28,Brazil,Centre-Forward,FW,400000,https://www.transfermarkt.com/matheus-babi/profil/spieler/788861,https://www.transfermarkt.com/matheus-babi/marktwertverlauf/spieler/788861,https://www.transfermarkt.com/k-league-2/marktwerte/wettbewerb/RSK2/plus/1/page/2,20260097,마테우스 바비,unique_club_age_nationality_position
139670,Kook-young Han,2,Daegu FC,36,South Korea,Defensive Midfield,MF,400000,https://www.transfermarkt.com/kook-young-han/profil/spieler/139670,https://www.transfermarkt.com/kook-young-han/marktwertverlauf/spieler/139670,https://www.transfermarkt.com/k-league-2/marktwerte/wettbewerb/RSK2/plus/1/page/2,20170283,한국영,official_english_name_and_club
1063924,Paul Villero,2,Seongnam FC,27,Colombia,Right Winger,FW,400000,https://www.transfermarkt.com/paul-villero/profil/spieler/1063924,https://www.transfermarkt.com/paul-villero/marktwertverlauf/spieler/1063924,https://www.transfermarkt.com/k-league-2/marktwerte/wettbewerb/RSK2/plus/1/page/2,20250232,빌레로,unique_club_age_nationality_position
184582,Young-jun Choi,2,Yongin City FC,34,South Korea,Defensive Midfield,MF,375000,https://www.transfermarkt.com/young-jun-choi/profil/spieler/184582,https://www.transfermarkt.com/young-jun-choi/marktwertverlauf/spieler/184582,https://www.transfermarkt.com/k-league-2/marktwerte/wettbewerb/RSK2/plus/1/page/2,20110158,최영준,official_english_name_and_club
333166,Ronan,2,Jeonnam Dragons,31,Brazil,Centre-Forward,FW,375000,https://www.transfermarkt.com/ronan/profil/spieler/333166,https://www.transfermarkt.com/ronan/marktwertverlauf/spieler/333166,https://www.transfermarkt.com/k-league-2/marktwerte/wettbewerb/RSK2/plus/1/page/2,,,
706964,Song-hoon Shin,2,Chungnam Asan FC,23,South Korea,Goalkeeper,GK,375000,https://www.transfermarkt.com/song-hoon-shin/profil/spieler/706964,https://www.transfermarkt.com/song-hoon-shin/marktwertverlauf/spieler/706964,https://www.transfermarkt.com/k-league-2/marktwerte/wettbewerb/RSK2/plus/1/page/2,20210152,신송훈,official_english_name_and_club
852432,Gyung-jun Byeon,2,Seoul E-Land FC,24,South Korea,Right Winger,FW,350000,https://www.transfermarkt.com/gyung-jun-byeon/profil/spieler/852432,https://www.transfermarkt.com/gyung-jun-byeon/marktwertverlauf/spieler/852432,https://www.transfermarkt.com/k-league-2/marktwerte/wettbewerb/RSK2/plus/1/page/3,20210175,변경준,official_english_name_and_club
261408,Ju-hun Song,2,Suwon Samsung Bluewings,32,South Korea,Centre-Back,DF,350000,https://www.transfermarkt.com/ju-hun-song/profil/spieler/261408,https://www.transfermarkt.com/ju-hun-song/marktwertverlauf/spieler/261408,https://www.transfermarkt.com/k-league-2/marktwerte/wettbewerb/RSK2/plus/1/page/3,20190049,송주훈,official_english_name_and_club
402141,Dae-won Park,2,Suwon Samsung Bluewings,28,South Korea,Centre-Back,DF,350000,https://www.transfermarkt.com/dae-won-park/profil/spieler/402141,https://www.transfermarkt.com/dae-won-park/marktwertverlauf/spieler/402141,https://www.transfermarkt.com/k-league-2/marktwerte/wettbewerb/RSK2/plus/1/page/3,20190142,박대원,official_english_name_and_club
754804,Jae-yong Bak,2,Seoul E-Land FC,26,South Korea,Centre-Forward,FW,350000,https://www.transfermarkt.com/jae-yong-bak/profil/spieler/754804,https://www.transfermarkt.com/jae-yong-bak/marktwertverlauf/spieler/754804,https://www.transfermarkt.com/k-league-2/marktwerte/wettbewerb/RSK2/plus/1/page/3,20220035,박재용,official_english_name_and_club
743779,Hyun-bin Park,2,Suwon Samsung Bluewings,23,South Korea,Central Midfield,MF,350000,https://www.transfermarkt.com/hyun-bin-park/profil/spieler/743779,https://www.transfermarkt.com/hyun-bin-park/marktwertverlauf/spieler/743779,https://www.transfermarkt.com/k-league-2/marktwerte/wettbewerb/RSK2/plus/1/page/3,20220114,박현빈,official_english_name_and_club
558437,Jin-woo Jo,2,Suwon FC,26,South Korea,Centre-Back,DF,350000,https://www.transfermarkt.com/jin-woo-jo/profil/spieler/558437,https://www.transfermarkt.com/jin-woo-jo/marktwertverlauf/spieler/558437,https://www.transfermarkt.com/k-league-2/marktwerte/wettbewerb/RSK2/plus/1/page/3,20200089,조진우,official_english_name_and_club
573897,Yun-ho Kwak,2,Yongin City FC,30,South Korea,Centre-Back,DF,350000,https://www.transfermarkt.com/yun-ho-kwak/profil/spieler/573897,https://www.transfermarkt.com/yun-ho-kwak/marktwertverlauf/spieler/573897,https://www.transfermarkt.com/k-league-2/marktwerte/wettbewerb/RSK2/plus/1/page/3,,,
89370,Osmar,2,Seoul E-Land FC,37,Spain,Centre-Back,DF,350000,https://www.transfermarkt.com/osmar/profil/spieler/89370,https://www.transfermarkt.com/osmar/marktwertverlauf/spieler/89370,https://www.transfermarkt.com/k-league-2/marktwerte/wettbewerb/RSK2/plus/1/page/3,,,
866991,Elionay,2,Seongnam FC,29,Brazil,Defensive Midfield,MF,350000,https://www.transfermarkt.com/elionay/profil/spieler/866991,https://www.transfermarkt.com/elionay/marktwertverlauf/spieler/866991,https://www.transfermarkt.com/k-league-2/marktwerte/wettbewerb/RSK2/plus/1/page/3,,,
261405,Jae-moon Ryu,2,Daegu FC,32,South Korea,Defensive Midfield,MF,350000,https://www.transfermarkt.com/jae-moon-ryu/profil/spieler/261405,https://www.transfermarkt.com/jae-moon-ryu/marktwertverlauf/spieler/261405,https://www.transfermarkt.com/k-league-2/marktwerte/wettbewerb/RSK2/plus/1/page/3,20150035,류재문,official_english_name_and_club
544459,Seong-jun Min,2,Seoul E-Land FC,26,South Korea,Goalkeeper,GK,350000,https://www.transfermarkt.com/seong-jun-min/profil/spieler/544459,https://www.transfermarkt.com/seong-jun-min/marktwertverlauf/spieler/544459,https://www.transfermarkt.com/k-league-2/marktwerte/wettbewerb/RSK2/plus/1/page/3,20200019,민성준,official_english_name_and_club
258912,Luke Amos,2,Paju Citizen FC,29,England,Central Midfield,MF,350000,https://www.transfermarkt.com/luke-amos/profil/spieler/258912,https://www.transfermarkt.com/luke-amos/marktwertverlauf/spieler/258912,https://www.transfermarkt.com/k-league-2/marktwerte/wettbewerb/RSK2/plus/1/page/3,,,
491593,Julio Báez,2,Paju Citizen FC,26,Paraguay,Attacking Midfield,MF,350000,https://www.transfermarkt.com/julio-baez/profil/spieler/491593,https://www.transfermarkt.com/julio-baez/marktwertverlauf/spieler/491593,https://www.transfermarkt.com/k-league-2/marktwerte/wettbewerb/RSK2/plus/1/page/3,20260117,바에즈,unique_club_age_nationality_position
409643,Maissa Fall,2,Gimhae FC,31,Senegal,Centre-Forward,FW,350000,https://www.transfermarkt.com/maissa-fall/profil/spieler/409643,https://www.transfermarkt.com/maissa-fall/marktwertverlauf/spieler/409643,https://www.transfermarkt.com/k-league-2/marktwerte/wettbewerb/RSK2/plus/1/page/3,20260273,마이사 폴,unique_club_age_nationality_position
570660,Tae-han Kim,2,Gimpo FC,30,South Korea,Centre-Back,DF,325000,https://www.transfermarkt.com/tae-han-kim/profil/spieler/570660,https://www.transfermarkt.com/tae-han-kim/marktwertverlauf/spieler/570660,https://www.transfermarkt.com/k-league-2/marktwerte/wettbewerb/RSK2/plus/1/page/3,20180125,김태한,official_english_name_and_club
715958,Sang-min Lee,2,Seongnam FC,26,South Korea,Defensive Midfield,MF,325000,https://www.transfermarkt.com/sang-min-lee/profil/spieler/715958,https://www.transfermarkt.com/sang-min-lee/marktwertverlauf/spieler/715958,https://www.transfermarkt.com/k-league-2/marktwerte/wettbewerb/RSK2/plus/1/page/3,20200056,이상민,official_english_name_and_club
673895,Jae-hwan Park,2,Seoul E-Land FC,25,South Korea,Centre-Back,DF,325000,https://www.transfermarkt.com/jae-hwan-park/profil/spieler/673895,https://www.transfermarkt.com/jae-hwan-park/marktwertverlauf/spieler/673895,https://www.transfermarkt.com/k-league-2/marktwerte/wettbewerb/RSK2/plus/1/page/3,,,
755583,Nam Ha,2,Jeonnam Dragons,27,South Korea,Centre-Forward,FW,325000,https://www.transfermarkt.com/nam-ha/profil/spieler/755583,https://www.transfermarkt.com/nam-ha/marktwertverlauf/spieler/755583,https://www.transfermarkt.com/k-league-2/marktwerte/wettbewerb/RSK2/plus/1/page/3,20200134,하남,official_english_name_and_club
467017,Charles Lokolingoy,2,Chungnam Asan FC,29,Australia,Centre-Forward,FW,300000,https://www.transfermarkt.com/charles-lokolingoy/profil/spieler/467017,https://www.transfermarkt.com/charles-lokolingoy/marktwertverlauf/spieler/467017,https://www.transfermarkt.com/k-league-2/marktwerte/wettbewerb/RSK2/plus/1/page/3,20260206,은고이,official_english_name_and_club
131480,Il-lok Yun,2,Gyeongnam FC,34,South Korea,Left Winger,FW,300000,https://www.transfermarkt.com/il-lok-yun/profil/spieler/131480,https://www.transfermarkt.com/il-lok-yun/marktwertverlauf/spieler/131480,https://www.transfermarkt.com/k-league-2/marktwerte/wettbewerb/RSK2/plus/1/page/3,20110157,윤일록,official_english_name_and_club
855247,Chang-hwan Park,2,Seoul E-Land FC,24,South Korea,Central Midfield,MF,300000,https://www.transfermarkt.com/chang-hwan-park/profil/spieler/855247,https://www.transfermarkt.com/chang-hwan-park/marktwertverlauf/spieler/855247,https://www.transfermarkt.com/k-league-2/marktwerte/wettbewerb/RSK2/plus/1/page/3,20210138,박창환,official_english_name_and_club
709170,Seong-jin Kang,2,Suwon Samsung Bluewings,23,South Korea,Right Winger,FW,300000,https://www.transfermarkt.com/seong-jin-kang/profil/spieler/709170,https://www.transfermarkt.com/seong-jin-kang/marktwertverlauf/spieler/709170,https://www.transfermarkt.com/k-league-2/marktwerte/wettbewerb/RSK2/plus/1/page/3,20210079,강성진,official_english_name_and_club
709172,Joon-hong Kim,2,Suwon Samsung Bluewings,22,South Korea,Goalkeeper,GK,300000,https://www.transfermarkt.com/joon-hong-kim/profil/spieler/709172,https://www.transfermarkt.com/joon-hong-kim/marktwertverlauf/spieler/709172,https://www.transfermarkt.com/k-league-2/marktwerte/wettbewerb/RSK2/plus/1/page/3,20210291,김준홍,official_english_name_and_club
735201,Hyun-muk Kang,2,Suwon Samsung Bluewings,25,South Korea,Central Midfield,MF,300000,https://www.transfermarkt.com/hyun-muk-kang/profil/spieler/735201,https://www.transfermarkt.com/hyun-muk-kang/marktwertverlauf/spieler/735201,https://www.transfermarkt.com/k-league-2/marktwerte/wettbewerb/RSK2/plus/1/page/3,20200035,강현묵,official_english_name_and_club
556377,Ki-jong Won,2,Gyeongnam FC,30,South Korea,Centre-Forward,FW,300000,https://www.transfermarkt.com/ki-jong-won/profil/spieler/556377,https://www.transfermarkt.com/ki-jong-won/marktwertverlauf/spieler/556377,https://www.transfermarkt.com/k-league-2/marktwerte/wettbewerb/RSK2/plus/1/page/3,20180204,원기종,official_english_name_and_club
925084,Geon-hee Lee,2,Suwon Samsung Bluewings,21,South Korea,Right-Back,DF,300000,https://www.transfermarkt.com/geon-hee-lee/profil/spieler/925084,https://www.transfermarkt.com/geon-hee-lee/marktwertverlauf/spieler/925084,https://www.transfermarkt.com/k-league-2/marktwerte/wettbewerb/RSK2/plus/1/page/4,20240152,이건희,official_english_name_and_club
606411,Sung-won Jang,2,Daegu FC,28,South Korea,Right-Back,DF,300000,https://www.transfermarkt.com/sung-won-jang/profil/spieler/606411,https://www.transfermarkt.com/sung-won-jang/marktwertverlauf/spieler/606411,https://www.transfermarkt.com/k-league-2/marktwerte/wettbewerb/RSK2/plus/1/page/4,20180128,장성원,official_english_name_and_club
1227017,Jin-young Park,2,Seoul E-Land FC,24,South Korea,Centre-Back,DF,300000,https://www.transfermarkt.com/jin-young-park/profil/spieler/1227017,https://www.transfermarkt.com/jin-young-park/marktwertverlauf/spieler/1227017,https://www.transfermarkt.com/k-league-2/marktwerte/wettbewerb/RSK2/plus/1/page/4,20240054,박진영,official_english_name_and_club
520818,Bo-sub Kim,2,Yongin City FC,28,South Korea,Right Winger,FW,300000,https://www.transfermarkt.com/bo-sub-kim/profil/spieler/520818,https://www.transfermarkt.com/bo-sub-kim/marktwertverlauf/spieler/520818,https://www.transfermarkt.com/k-league-2/marktwerte/wettbewerb/RSK2/plus/1/page/4,20170171,김보섭,official_english_name_and_club
426209,Ho-ik Jang,2,Busan IPark,32,South Korea,Right-Back,DF,300000,https://www.transfermarkt.com/ho-ik-jang/profil/spieler/426209,https://www.transfermarkt.com/ho-ik-jang/marktwertverlauf/spieler/426209,https://www.transfermarkt.com/k-league-2/marktwerte/wettbewerb/RSK2/plus/1/page/4,20160122,장호익,official_english_name_and_club
497374,Dong-su Lee,2,Busan IPark,31,South Korea,Defensive Midfield,MF,300000,https://www.transfermarkt.com/dong-su-lee/profil/spieler/497374,https://www.transfermarkt.com/dong-su-lee/marktwertverlauf/spieler/497374,https://www.transfermarkt.com/k-league-2/marktwerte/wettbewerb/RSK2/plus/1/page/4,20160031,이동수,official_english_name_and_club
326997,Jafar Arias,2,Paju Citizen FC,30,Curacao,Centre-Forward,FW,300000,https://www.transfermarkt.com/jafar-arias/profil/spieler/326997,https://www.transfermarkt.com/jafar-arias/marktwertverlauf/spieler/326997,https://www.transfermarkt.com/k-league-2/marktwerte/wettbewerb/RSK2/plus/1/page/4,,,
542099,Keelan Lebon,2,Jeonnam Dragons,28,Saint-Martin,Left Winger,FW,300000,https://www.transfermarkt.com/keelan-lebon/profil/spieler/542099,https://www.transfermarkt.com/keelan-lebon/marktwertverlauf/spieler/542099,https://www.transfermarkt.com/k-league-2/marktwerte/wettbewerb/RSK2/plus/1/page/4,,,
497423,Jae-min Seo,2,Suwon FC,28,South Korea,Left-Back,DF,300000,https://www.transfermarkt.com/jae-min-seo/profil/spieler/497423,https://www.transfermarkt.com/jae-min-seo/marktwertverlauf/spieler/497423,https://www.transfermarkt.com/k-league-2/marktwerte/wettbewerb/RSK2/plus/1/page/4,20160096,서재민,official_english_name_and_club
528040,Milan Obradovic,2,Ansan Greeners,26,Serbia,Centre-Back,DF,300000,https://www.transfermarkt.com/milan-obradovic/profil/spieler/528040,https://www.transfermarkt.com/milan-obradovic/marktwertverlauf/spieler/528040,https://www.transfermarkt.com/k-league-2/marktwerte/wettbewerb/RSK2/plus/1/page/4,20260173,오브라도비치,official_english_name_and_club
735036,Won-jin Hong,2,Jeonnam Dragons,26,South Korea,Central Midfield,MF,300000,https://www.transfermarkt.com/won-jin-hong/profil/spieler/735036,https://www.transfermarkt.com/won-jin-hong/marktwertverlauf/spieler/735036,https://www.transfermarkt.com/k-league-2/marktwerte/wettbewerb/RSK2/plus/1/page/4,20200079,홍원진,official_english_name_and_club
187349,Connor Chapman,2,Gimpo FC,31,Australia,Defensive Midfield,MF,275000,https://www.transfermarkt.com/connor-chapman/profil/spieler/187349,https://www.transfermarkt.com/connor-chapman/marktwertverlauf/spieler/187349,https://www.transfermarkt.com/k-league-2/marktwerte/wettbewerb/RSK2/plus/1/page/4,20170175,채프먼,official_english_name_and_club
427550,Chan-hee Han,2,Suwon FC,29,South Korea,Central Midfield,MF,275000,https://www.transfermarkt.com/chan-hee-han/profil/spieler/427550,https://www.transfermarkt.com/chan-hee-han/marktwertverlauf/spieler/427550,https://www.transfermarkt.com/k-league-2/marktwerte/wettbewerb/RSK2/plus/1/page/4,20160065,한찬희,official_english_name_and_club
558354,Ho-in Lee,2,Chungnam Asan FC,30,South Korea,Centre-Back,DF,275000,https://www.transfermarkt.com/ho-in-lee/profil/spieler/558354,https://www.transfermarkt.com/ho-in-lee/marktwertverlauf/spieler/558354,https://www.transfermarkt.com/k-league-2/marktwerte/wettbewerb/RSK2/plus/1/page/4,20180111,이호인,official_english_name_and_club
655770,Ju-gong Kim,2,Daegu FC,30,South Korea,Right Winger,FW,275000,https://www.transfermarkt.com/ju-gong-kim/profil/spieler/655770,https://www.transfermarkt.com/ju-gong-kim/marktwertverlauf/spieler/655770,https://www.transfermarkt.com/k-league-2/marktwerte/wettbewerb/RSK2/plus/1/page/4,,,
805433,Jun-ho Kim,2,Gyeongnam FC,23,South Korea,Central Midfield,MF,275000,https://www.transfermarkt.com/jun-ho-kim/profil/spieler/805433,https://www.transfermarkt.com/jun-ho-kim/marktwertverlauf/spieler/805433,https://www.transfermarkt.com/k-league-2/marktwerte/wettbewerb/RSK2/plus/1/page/4,20210167,김준호,official_english_name_and_club
639065,Chan Kim,2,Busan IPark,26,South Korea,Centre-Forward,FW,275000,https://www.transfermarkt.com/chan-kim/profil/spieler/639065,https://www.transfermarkt.com/chan-kim/marktwertverlauf/spieler/639065,https://www.transfermarkt.com/k-league-2/marktwerte/wettbewerb/RSK2/plus/1/page/4,20190115,김찬,official_english_name_and_club
378174,Jardel,2,Yongin City FC,28,Guinea-Bissau,Centre-Forward,FW,275000,https://www.transfermarkt.com/jardel/profil/spieler/378174,https://www.transfermarkt.com/jardel/marktwertverlauf/spieler/378174,https://www.transfermarkt.com/k-league-2/marktwerte/wettbewerb/RSK2/plus/1/page/4,,,
1099086,Xavier,2,Busan IPark,25,Brazil,Defensive Midfield,MF,275000,https://www.transfermarkt.com/xavier/profil/spieler/1099086,https://www.transfermarkt.com/xavier/marktwertverlauf/spieler/1099086,https://www.transfermarkt.com/k-league-2/marktwerte/wettbewerb/RSK2/plus/1/page/4,20250230,사비에르,unique_club_age_nationality_position
626673,Paulo Henrique,2,Suwon Samsung Bluewings,29,Brazil,Left Winger,FW,275000,https://www.transfermarkt.com/paulo-henrique/profil/spieler/626673,https://www.transfermarkt.com/paulo-henrique/marktwertverlauf/spieler/626673,https://www.transfermarkt.com/k-league-2/marktwerte/wettbewerb/RSK2/plus/1/page/4,20230316,파울리뇨,unique_club_age_nationality_position
172859,Seung-yong Jung,2,Seongnam FC,35,South Korea,Left-Back,DF,275000,https://www.transfermarkt.com/seung-yong-jung/profil/spieler/172859,https://www.transfermarkt.com/seung-yong-jung/marktwertverlauf/spieler/172859,https://www.transfermarkt.com/k-league-2/marktwerte/wettbewerb/RSK2/plus/1/page/4,20100058,정승용,official_english_name_and_club
316269,Hyung-mo Yang,2,Suwon Samsung Bluewings,34,South Korea,Goalkeeper,GK,275000,https://www.transfermarkt.com/hyung-mo-yang/profil/spieler/316269,https://www.transfermarkt.com/hyung-mo-yang/marktwertverlauf/spieler/316269,https://www.transfermarkt.com/k-league-2/marktwerte/wettbewerb/RSK2/plus/1/page/4,20140081,양형모,official_english_name_and_club
1070991,Ji-ung Baek,2,Seoul E-Land FC,21,South Korea,Defensive Midfield,MF,275000,https://www.transfermarkt.com/ji-ung-baek/profil/spieler/1070991,https://www.transfermarkt.com/ji-ung-baek/marktwertverlauf/spieler/1070991,https://www.transfermarkt.com/k-league-2/marktwerte/wettbewerb/RSK2/plus/1/page/4,20240301,백지웅,official_english_name_and_club
922611,Jun-jae Lee,2,Suwon Samsung Bluewings,22,South Korea,Right-Back,DF,275000,https://www.transfermarkt.com/jun-jae-lee/profil/spieler/922611,https://www.transfermarkt.com/jun-jae-lee/marktwertverlauf/spieler/922611,https://www.transfermarkt.com/k-league-2/marktwerte/wettbewerb/RSK2/plus/1/page/4,20220152,이준재,official_english_name_and_club
555926,Kyung-rok Park,2,Gimpo FC,31,South Korea,Centre-Back,DF,275000,https://www.transfermarkt.com/kyung-rok-park/profil/spieler/555926,https://www.transfermarkt.com/kyung-rok-park/marktwertverlauf/spieler/555926,https://www.transfermarkt.com/k-league-2/marktwerte/wettbewerb/RSK2/plus/1/page/4,20160011,박경록,official_english_name_and_club
